1,Dunlap Group,Jamaica,Amy Holder
2,"Yates, Ellis and Travis",Haiti,John Brown
3,Hernandez-Sanchez,Nepal,Jason Boyd
4,Owens Ltd,Morocco,Thomas Weaver
5,Morales-Werner,Bhutan,John Church
6,Jones-Scott,Honduras,Christopher Trevino
7,Schultz and Sons,Panama,Bonnie Cameron
8,"Wolf, Escobar and Smith",Azerbaijan,William Kennedy
9,"Price, Cooper and Hughes",Tuvalu,Mrs. Carrie Walker DDS
10,Owens Group,Poland,Nicholas Scott
11,Chapman-Williamson,Anguilla,Cynthia Martinez
12,Fisher LLC,South Georgia and the South Sandwich Islands,Rebecca Mcintosh
13,Rodriguez-Mckinney,Oman,Michael Cruz
14,Morales-Gross,Tajikistan,Melanie Johnson
15,"Rodgers, Vargas and Wood",Martinique,Thomas Welch
16,Miller and Sons,Turkey,Tony Williams
17,Moore-Barron,Eritrea,Sabrina Cisneros
18,Cochran Ltd,Korea,Gregory Bryan
19,Shaffer-Thompson,Slovakia (Slovak Republic),Garrett Hamilton
20,Benjamin-Norman,Svalbard & Jan Mayen Islands,Derrick Austin
21,Gordon-Green,Estonia,Amy Campbell
22,Williams Ltd,French Polynesia,Paul Lewis
23,Villegas-Cooper,Kiribati,Brent Reynolds
24,Gray Inc,New Caledonia,Alejandra Smith
25,Mack LLC,Haiti,Omar Henry
26,Flynn-Miller,Sweden,Christopher Mccall
27,Matthews-Peterson,Mexico,Brandon Williams
28,"Miller, Harris and Durham",Nepal,Brandon Henderson
29,Chung-Farrell,Hong Kong,Kyle Robinson
30,"Aguilar, Livingston and Morrow",Moldova,Gary Page
31,Santiago Group,Serbia,Lisa Booker
32,"Mcintyre, Castro and Morris",Heard Island and McDonald Islands,Jerry Eaton
33,"Hernandez, Brown and Rios",Cayman Islands,Ann Dudley DVM
34,Fields LLC,Barbados,Kayla Cabrera
35,Ortega Group,Eritrea,James Goodwin
36,Rivera-Carter,Luxembourg,Michael Sanchez
37,Mayo-Smith,Greece,Robyn Mcintosh
38,Estrada Group,Moldova,Jessica Green
39,Hamilton Inc,Germany,Veronica Hawkins
40,Farley Inc,Northern Mariana Islands,Bradley Vasquez
41,"Lindsey, Franklin and Kelly",United States Virgin Islands,Regina Perez
42,"Aguilar, Hernandez and Boyd",Netherlands Antilles,Elizabeth Hughes
43,"Jordan, Richards and White",Eritrea,Melanie Walker
44,Contreras-Myers,Guadeloupe,Patrick Christensen
45,"Jones, Long and Cain",Rwanda,Melissa Parker
46,Murphy-Carter,Cayman Islands,Randall Howell
47,Morris-Haas,Falkland Islands (Malvinas),Edward Lucas
48,"Meyers, Harris and Lewis",Seychelles,Kelly Rodriguez
49,"Solomon, Jones and Pratt",Kazakhstan,Elizabeth Moore
50,Wilkins PLC,Suriname,Reginald Johnson
51,Johnson Ltd,Dominican Republic,Autumn Wise
52,Lewis and Sons,United States Minor Outlying Islands,Cory Martin
53,Howard-Burns,French Guiana,Pamela Parker
54,Holmes Ltd,Guatemala,Karl Woodard
55,Farmer-Stone,Venezuela,Christopher Campos
56,Walters Group,Turks and Caicos Islands,Courtney Johnson
57,Daniels-King,South Georgia and the South Sandwich Islands,Dr. John Fowler
58,Burton-Chang,Andorra,Brian Kennedy
59,Garcia-Peterson,Nicaragua,Megan Silva
60,Richardson-Dudley,Saint Martin,Alexander Tucker
61,Ellison and Sons,Malaysia,Zachary Roberts
62,Guerra Ltd,Togo,Thomas Farrell
63,Fuller PLC,Tajikistan,John Stewart
64,Ellis Ltd,Cape Verde,Jennifer Smith
65,"Mcmillan, Simmons and Miller",Costa Rica,Katherine Wood
66,"Pruitt, Anderson and Hammond",Egypt,Michael Beard
67,"Farrell, Pena and Stewart",Seychelles,Drew Willis
68,Lynch-Davis,Romania,Mark Wilson
69,Hicks LLC,Moldova,Sandy Anderson
70,James-Hobbs,Chad,Amanda King
71,"May, Adams and Barrera",Saint Martin,Stacey Sullivan
72,"Peters, Raymond and Mckinney",Colombia,Andrea Reed
73,"Moore, Osborne and Mitchell",Iran,Julie Coleman
74,"Martinez, Ward and Garcia",Congo,Nicholas Nguyen
75,White-Little,Maldives,Nathan Taylor
76,Hayes-White,Trinidad and Tobago,Jason Cantu
77,"Baker, Thomas and Cole",Malaysia,Christine Johnson
78,"Williams, Rivera and George",Slovakia (Slovak Republic),Corey Robles
79,Pacheco Ltd,Kuwait,Carolyn Bryan
80,"Kim, Merritt and Jimenez",Italy,Christopher Harris
81,Brown LLC,Canada,Kyle Malone
82,Lutz Inc,Grenada,Oscar Brown
83,"Gibson, Jones and Cunningham",Fiji,Debra Gross
84,Reyes Ltd,Greece,Steven Johnson
85,"Alexander, Leonard and Allen",Hungary,Dennis Reid
86,"Peters, Stephenson and Hughes",Nicaragua,Gregory Wood
87,"Walker, Miller and Fry",Greece,Janet Dean
88,Patel-Keller,Oman,Dr. Bryce Lopez
89,"Richardson, Stevens and Martinez",American Samoa,Terry Baker
90,"Green, Ellis and Nguyen",Iraq,Lisa Martinez
91,"Collier, Diaz and Lee",Samoa,Robert Mclaughlin
92,Boyle-Tran,Guyana,Mary Wright
93,Sparks LLC,Eritrea,Nicole Davis
94,Robbins-Owens,Solomon Islands,John White
95,Rogers-Tate,Sao Tome and Principe,Stacy Warren
96,Young-Boyd,Kuwait,Glenn Dean
97,Stanton PLC,Indonesia,Mathew Norton
98,Brown Group,Guinea-Bissau,Jessica Durham
99,Olson Group,Peru,Jason Moore
100,Nichols-Pollard,Cote d'Ivoire,Tom Beck
101,Strong-Moon,Indonesia,Cynthia Rodriguez
102,White Inc,China,Jessica Oconnell
103,"Wagner, Marsh and Meyer",Myanmar,Andre Young
104,Anderson LLC,Lesotho,Dawn Dalton
105,"Hurley, Hudson and Small",Comoros,Brandon Coleman
106,Simpson and Sons,Mauritania,Shannon Poole
107,Garcia-Roberts,Tajikistan,Karen Small
108,"Hill, Howell and Keller",Christmas Island,Jared Reeves
109,Anderson and Sons,Tunisia,Matthew Williams
110,Yu PLC,Hong Kong,John Ramos
111,"Lewis, Morrison and Hall",Canada,Dustin Griffin
112,Rangel Group,Finland,Steven Ford
113,"Sims, Valencia and Martin",Lesotho,Bonnie Davis
114,Watkins LLC,Botswana,Allison Thomas
115,"Harris, Vance and Garcia",Taiwan,Angela Boyd
116,Wilson LLC,New Caledonia,Timothy Walker
117,Rios Inc,Egypt,Sara Lamb
118,Meyer-Martin,Guyana,Joseph Mullins
119,"Jacobs, Miller and Walker",Northern Mariana Islands,Sarah Reed
120,"Crawford, Walker and Boyer",Sri Lanka,Jeremy Garcia
121,"Gregory, Cox and Higgins",Cook Islands,Renee Snyder
122,Miller Inc,Saint Helena,Lisa Coleman
123,Reese-Velez,Japan,Michael Frank
124,"Anderson, Jones and Long",Martinique,Jeffrey Bond
125,Martin Ltd,Brunei Darussalam,Jennifer Green
126,"Scott, Brown and Small",Nauru,Alexandra Green
127,Lewis-Rivera,Mauritius,Laura Owens
128,Mayo Ltd,Rwanda,Kelly Martinez
129,Hernandez-Bell,Guernsey,Kelsey Lopez
130,"Ware, Wood and Goodman",Botswana,Shawn Choi
131,"Arroyo, Hall and Rodgers",Ethiopia,Lisa Conner
132,Gray Group,Italy,Jillian Whitney
133,Perry PLC,Vanuatu,Rachel Doyle
134,Horton-Castro,Armenia,Scott Yates
135,Moore-Johns,Cote d'Ivoire,Tommy Daniels
136,Guzman-Baldwin,Guatemala,Renee Hill
137,Carter LLC,Japan,Mrs. Mary Alexander
138,"Mckinney, Clayton and Martinez",Czech Republic,Mark Ware
139,Gonzales-Malone,Venezuela,Rhonda Soto
140,"Young, Knight and Gillespie",Bolivia,Jennifer Holt
141,Smith-Mcdonald,British Virgin Islands,Jordan Nelson
142,"Mathis, Brown and Cook",Mauritius,Mallory Rodgers
143,Lawrence-Hickman,Monaco,Michael Gutierrez
144,"Holmes, Shannon and Hunt",New Caledonia,David Carter
145,"Adams, Schmitt and Dennis",Hong Kong,Elizabeth Love
146,"Myers, Peterson and Johnson",Palau,Jodi Mccullough
147,Combs-Middleton,Myanmar,Sheila Johnson
148,Gutierrez LLC,Venezuela,James Moore
149,Morales LLC,Australia,Sharon Weaver
150,Baker LLC,Sao Tome and Principe,Erica Bruce
151,Martin-Farmer,South Africa,Kimberly Watkins
152,"Mendez, Mullins and Mathews",Congo,Alison Crawford
153,Odom PLC,El Salvador,Alexandra Phillips
154,"Thompson, Solis and Jones",Liechtenstein,Robert Ball
155,"Buchanan, Warner and Jones",Jersey,Chelsea King
156,Allison Group,Norway,Peter Johnson
157,Fox-Carr,Latvia,Alex Todd
158,Reynolds-Villanueva,Angola,Jose Morales
159,Parker-Lewis,Norfolk Island,Paul Wheeler
160,Johnson-Mann,United Arab Emirates,James Owen
161,"Watson, Johnson and Olson",Japan,Mr. Ronald Torres
162,Shaw Inc,Portugal,Troy Wyatt
163,"Richardson, Garcia and Alvarez",Malawi,William Williams
164,"Graham, Banks and Coleman",United Kingdom,Christopher Ross
165,"Black, Wilkins and Wallace",Saint Lucia,Debbie Hutchinson
166,Allen and Sons,Bangladesh,Kayla Ross
167,Lewis-Campbell,Barbados,Alicia Stewart
168,Williams-Dixon,Djibouti,Michael Nichols
169,"Christensen, Ruiz and Johnson",Montserrat,Adam Bowman
170,Jensen Ltd,Sweden,William Richards
171,Garcia-Becker,Guadeloupe,Jason Evans
172,Davis Inc,Eritrea,Joshua George
173,Collins-Thompson,Cambodia,Randy Weaver
174,Pearson-Stevens,Liberia,Jonathan Suarez
175,Rodriguez Group,Burkina Faso,Robert Duran
176,Sexton LLC,Lithuania,Cindy Manning
177,"Harrison, Duran and Martinez",Jordan,Mrs. Ashley Farmer
178,Smith-Richardson,Nigeria,Marilyn Jefferson
179,Howard Ltd,Falkland Islands (Malvinas),James Baldwin
180,"Golden, Crosby and Jensen",Saint Kitts and Nevis,Emily Miller
181,Kim and Sons,Fiji,Patricia Jones
182,Rowland LLC,Nepal,Shane Cole
183,Wheeler LLC,Cocos (Keeling) Islands,Stephanie Johnson
184,"Hamilton, Brown and Taylor",Turkey,Bradley Trujillo
185,Martinez PLC,Heard Island and McDonald Islands,Christopher Davis
186,Ramos Inc,Korea,Zachary Moore
187,"Ross, Lee and Turner",Anguilla,Alice Harrington
188,Barton Ltd,Switzerland,Nathan Guerra
189,"Moore, Gibson and Murphy",Sudan,Sara Miller
190,Bowers PLC,Eritrea,Joseph Watson
191,Harris-Montgomery,Lithuania,Shane Nguyen
192,Davis-Sullivan,Ethiopia,Jessica Edwards
193,Hogan-Petersen,French Southern Territories,Mr. Michael Sherman
194,"Juarez, Norton and Gutierrez",Mayotte,Brandon Sanchez
195,Jones LLC,Saudi Arabia,Joseph Gonzalez
196,Torres Inc,Sudan,Sandra Lucas
197,Barrett Ltd,Dominica,Devin Stephenson
198,"Harris, Mcgee and Acosta",Saint Lucia,Christopher Lewis
199,"Allen, Delgado and Jackson",Croatia,Johnny Estrada
200,Rivers Inc,Nicaragua,Kim Bond
201,Reed-Williamson,Brazil,Thomas Stewart
202,"Hale, Sweeney and Richards",San Marino,Brandon Rivers
203,Diaz-Thompson,Barbados,Lisa Brown
204,"Clark, Acosta and Walters",Bosnia and Herzegovina,Jessica Brown
205,Adams-Chaney,Madagascar,Ashley Reed
206,"Welch, Austin and Ward",Monaco,Kathleen Bond
207,Watkins-Phillips,Bermuda,Gary Berry
208,Lopez PLC,Argentina,Maria Rhodes
209,"Villarreal, Potter and Jones",Azerbaijan,Luis Simmons
210,Graves-Gallagher,Korea,Stephanie Cline
211,Harris-Flores,Romania,Jared Miller
212,"Burton, Proctor and Wagner",Greece,Bryan Blake
213,Turner Inc,Brazil,Jared Campos
214,Taylor-Andrade,Guadeloupe,Tiffany Curtis
215,"Gonzalez, Gibbs and Zuniga",Guam,James Savage
216,Marquez-Freeman,Liberia,Dominique Jackson
217,Eaton LLC,United States Minor Outlying Islands,Mark Brooks
218,Short-Caldwell,Kyrgyz Republic,Elizabeth Hernandez
219,Gordon-Gallegos,French Guiana,Jennifer Pollard
220,"Johnson, Grant and Moore",Nepal,Brian Brown
221,"Vargas, Mills and Freeman",Saudi Arabia,Diamond Holmes
222,Goodman-Kim,Cuba,Kelly Simpson
223,Garza-Rios,Norfolk Island,Amber French
224,"Garza, Edwards and Rodriguez",Nicaragua,Cheryl Valencia
225,Weiss-Parker,Azerbaijan,Misty Rhodes
226,Stafford Inc,Bahamas,Jared Cooke
227,Lopez Group,Martinique,Ryan Mcmahon
228,Robinson-Cain,Paraguay,Julie Jones
229,"Patterson, Tanner and Hanna",Eritrea,Julie Henry
230,"Porter, Walters and Robertson",El Salvador,Katelyn Johnson
231,Baird PLC,Cape Verde,Angela Thomas
232,Norton-Ross,Portugal,Debbie Bishop
233,Rivera PLC,Lesotho,Karen Rowe
234,"West, Hunt and Joseph",Poland,Joseph Orr
235,"Valenzuela, Davis and Russell",United States of America,Garrett Horton
236,Johnson-Gray,Faroe Islands,Nicole Green
237,"Brown, Jackson and Turner",Israel,Bobby Edwards
238,"Adams, Garcia and Merritt",Morocco,Marco Davis
239,Cameron-King,Taiwan,Rhonda Moore
240,Brown LLC,Antarctica (the territory South of 60 deg S),Rachel Bush
241,Smith Inc,Namibia,William White
242,"Rodriguez, Monroe and Rojas",Italy,Jeffrey Davis
243,Weiss-Cole,Cayman Islands,Shannon Graham
244,Bartlett Inc,Saint Helena,Dr. Adam Rodriguez DDS
245,Rodriguez Ltd,Turkmenistan,Valerie Clark
246,"Sanchez, Rogers and Benson",Solomon Islands,Frank Wagner
247,Mckay-Park,Saint Helena,Jeanne Vasquez
248,"Faulkner, Mcfarland and Carr",Tokelau,Lori Wilson
249,"Krueger, Travis and Sheppard",Azerbaijan,Holly Castillo
250,Barry LLC,Romania,Lisa Price
251,Smith-Blair,Dominica,Regina Smith
252,Roberts-Bennett,Gabon,Nicholas Smith
253,Melton-Riggs,Poland,Mrs. Cynthia Jackson
254,Rodriguez-Daniel,Serbia,Rachel Tucker
255,Mahoney PLC,Faroe Islands,Jorge Jones
256,"Collins, Krueger and Martinez",Paraguay,Andrew Thomas
257,Cardenas-Campbell,Kenya,Brittney Thompson
258,"Miller, Roberts and Ryan",Latvia,Nicholas Livingston
259,Fitzpatrick Group,Luxembourg,Kyle Rowland
260,"Kim, Stone and Elliott",Guernsey,Robert Day
261,Oneal-Smith,Estonia,Bethany Owen
262,"Watkins, Robertson and Sandoval",Niue,Christopher Johns
263,Turner-Landry,Christmas Island,Rebecca Harrington
264,Garrett-Jordan,Sri Lanka,Jennifer Fields
265,Maddox Inc,Andorra,Christopher Obrien
266,"Brown, Elliott and Campbell",Iran,Stephanie Bennett
267,Scott-Thompson,Taiwan,Natalie Hunt
268,"Yoder, Haley and Webb",Andorra,Tammie Johnson
269,Donovan-Sellers,United Arab Emirates,Paul Meadows
270,"Clark, Fisher and Allen",Poland,Nicholas Stafford
271,"Fowler, Pearson and Henry",Bermuda,Matthew Lee
272,Johnson-Moran,Zambia,Nicholas Lamb
273,Bauer-Wilson,Antarctica (the territory South of 60 deg S),Melissa Burke
274,Farmer-Becker,Algeria,Margaret Ortiz
275,Mcgee-Yang,Bahrain,Marie Rosario
276,"Robinson, Gentry and Compton",Maldives,Stephanie Tucker
277,"Nguyen, Ayers and Armstrong",Korea,Eduardo Donaldson
278,Morris Group,Malaysia,Kelly Rowland
279,"Williams, Richardson and Hines",San Marino,Kimberly Baker
280,"Russell, Nelson and Wright",Botswana,Erin Kim
281,Montgomery Inc,Northern Mariana Islands,Jacqueline Meyers
282,"Miller, Wilcox and Estrada",Niger,Karen Cisneros
283,"Jones, Wood and Houston",Portugal,Brian Hall
284,Burke-Johnson,Bhutan,Robert Keller
285,Ross-Hall,Bahamas,John Jones
286,"Jensen, Mathis and Austin",Kyrgyz Republic,Seth Snyder
287,Jones-Huynh,New Caledonia,Rebecca Frank
288,Flowers Group,Bosnia and Herzegovina,Christopher Hood
289,"Williams, Cook and Hayes",India,Scott Snyder
290,Short-Taylor,Martinique,Mr. James Phillips
291,Cole-Washington,New Caledonia,Elizabeth Rodriguez
292,"Gilbert, Garrison and Sherman",Rwanda,Kent Campbell
293,Acosta and Sons,Latvia,Joseph Turner
294,Martin-Hill,Turkmenistan,Jennifer Smith
295,Doyle-Gibson,Sudan,Nathan Owen
296,Chang LLC,Afghanistan,Krista Morgan
297,"Brown, Peters and Kennedy",Germany,Marc Little
298,Walters and Sons,Uzbekistan,Daniel Watson
299,"Dougherty, Bishop and Lopez",United States Virgin Islands,Wendy Chavez
300,"Pruitt, Barrera and Daniel",Canada,Michelle Gonzalez
301,"Johnson, Pratt and King",United States of America,Jason Hall
302,Thomas-Mejia,Puerto Rico,Jason Taylor
303,Curry-Harper,Korea,Lisa Barnes
304,Soto-Hernandez,Palau,Elizabeth Ford
305,"Franklin, Shah and Bowman",Haiti,Brian Hartman
306,Stanton Group,Iran,Daniel Davis
307,"Harris, Robbins and Davis",Gambia,Miguel Hunt
308,Rangel-Walsh,Libyan Arab Jamahiriya,Elizabeth Benson
309,Carney Group,Liechtenstein,Charles Hernandez
310,Perez Inc,Aruba,Arthur Tanner
311,"Wilson, Lopez and Barker",Sweden,Tabitha Martin
312,"Jones, Johnson and Johnson",Sierra Leone,Joseph Barnes
313,Booth PLC,Sierra Leone,Patricia Peterson
314,Williams-Odom,Nigeria,Robin Underwood
315,Kelly-Allen,Saint Pierre and Miquelon,Spencer Williams
316,Johnson LLC,Gambia,Todd Lewis
317,Smith PLC,Yemen,Hayley King
318,Johnson Inc,Faroe Islands,Madison Jennings
319,"Pearson, Salas and Miller",Finland,Cheryl Graham
320,Dunn LLC,Cape Verde,Aaron Mosley
321,Smith-Crosby,Cote d'Ivoire,Thomas Vance
322,Decker-King,Colombia,Christopher Parker
323,Miller Inc,Hungary,Margaret Evans
324,Brown LLC,Monaco,Bryan Lloyd
325,"Holloway, Martin and Price",Paraguay,Andrew Smith
326,Johnson Inc,China,Mr. Stephen Koch PhD
327,Oconnor-Martin,Malawi,Brian Sanders
328,"Bautista, Contreras and Flores",Vanuatu,David Herman
329,Copeland-Harris,Nepal,Debbie Martin
330,"Peterson, Bishop and Dillon",Senegal,Jeffrey Kirby
331,Taylor-Wilson,Guernsey,Karen Torres
332,Hoffman-Taylor,Northern Mariana Islands,Holly Harris
333,Warren Ltd,Serbia,Angela Hammond
334,Ray-Kirby,Azerbaijan,Amanda Johnson
335,Anderson-Mason,Cyprus,Andrea Gordon
336,Smith-Williams,Myanmar,Ashley Strickland
337,"Turner, Joyce and Alvarado",Equatorial Guinea,James Ware
338,Henderson-Burgess,Sweden,Kathryn Green
339,"Finley, Walker and Santiago",Seychelles,Tracey Ferrell
340,Lang and Sons,United Arab Emirates,Melissa Wade
341,Strickland LLC,Guinea,Ryan Wright
342,Smith Inc,Central African Republic,James Stephens
343,"Lester, Holmes and Perry",Morocco,Jared Carter
344,"Smith, Foster and Stewart",Bahrain,Samantha Lewis
345,"Pierce, Cruz and Ryan",Guyana,Justin Gutierrez
346,"Melendez, Sanchez and Lawson",Cayman Islands,Shannon Myers
347,Pearson LLC,Burkina Faso,Herbert Holmes
348,Patel-Barnett,Uruguay,Jordan Garcia
349,Baker PLC,Latvia,Derek Robbins
350,Robertson-Simmons,Gabon,Gina Rogers
351,Murphy and Sons,Bulgaria,Kelly Johnson
352,Williams Ltd,French Southern Territories,Nathaniel Peterson
353,"Jones, Young and Klein",Togo,Elizabeth Trujillo
354,Calderon LLC,Turkmenistan,Brian Peters
355,Gonzalez Group,Algeria,Donald Sanders
356,"Brown, Cole and Jackson",Western Sahara,Jennifer Anderson
357,Carter-Stark,Belarus,Stephanie Benson
358,Ellis Ltd,Poland,Denise Delgado
359,"Jones, Guzman and Gonzalez",United States Virgin Islands,James Petersen
360,Hutchinson-Gilmore,Gabon,John Hayden
361,Johnson-Santiago,New Caledonia,Lisa Richards
362,Cline LLC,Vanuatu,Keith Garcia
363,"Nicholson, Joseph and Fox",Gibraltar,Joshua Trujillo
364,"Gillespie, Knight and Macdonald",Vanuatu,Douglas Smith
365,"Frank, Lee and Gray",Seychelles,Dawn Davis
366,Cardenas-Johnson,Estonia,Christopher Perez
367,Fuller Ltd,Germany,David Young
368,Henry-Brown,Sierra Leone,Jeremy Baxter
369,"Butler, Schmidt and Parker",Netherlands,Kristen Martin
370,Chandler-Johnson,Nicaragua,Anthony Miller
371,"Rivera, Leach and Hensley",Nigeria,Cindy Ellis
372,"Wood, Gibbs and Summers",Afghanistan,Cory Simpson
373,Hill and Sons,Nigeria,Andrew Smith
374,Gonzalez-Freeman,Thailand,Dakota Ponce
375,"James, Lopez and Mccormick",Brazil,Matthew Robertson
376,"Bush, Lopez and Saunders",Western Sahara,Rickey Johnson
377,"Cochran, Richards and Glenn",Niger,Susan Sullivan
378,Soto-Simmons,Saint Helena,Jennifer Long
379,Brown and Sons,Palestinian Territory,Carlos Harvey
380,"Stewart, Peters and Jenkins",Macao,James Gray
381,"Miles, Williams and Vasquez",Namibia,Carmen Shepard
382,"Roberts, Walker and Lee",Trinidad and Tobago,Robert Henderson
383,Wheeler-Cowan,Saudi Arabia,Renee Gonzales
384,"Brown, Walton and Lyons",Slovenia,Brenda Robinson
385,Dudley Inc,Dominican Republic,Phillip Poole
386,"Nelson, Ross and Green",French Polynesia,Robert Rodriguez
387,Walsh-Mccormick,Saint Pierre and Miquelon,Elaine Tate
388,"Rodriguez, Clark and Reese",Bahamas,Teresa Patterson
389,Campbell LLC,Hong Kong,Victoria Martinez
390,"Garcia, Buchanan and David",Guinea-Bissau,Dr. Jerome Beasley II
391,"Hancock, Wright and Crawford",New Zealand,Karen Cook
392,"Wright, Sanders and Wilson",Chile,Julie Campos
393,"Coleman, Liu and Martin",Croatia,Pamela Johnson
394,Pope-Jones,Puerto Rico,Michael Green
395,Lee PLC,Kyrgyz Republic,Peter Hanson
396,Brady-Clark,Lesotho,Jerome Rodriguez
397,Williams LLC,Montserrat,Jeffrey Evans
398,"Callahan, Knox and Phillips",Equatorial Guinea,Lawrence Campos
399,Davis PLC,Haiti,Tamara Schmidt
400,"Acosta, Moreno and Moore",Guatemala,Jennifer Davis
401,Solis Group,Burkina Faso,Jerry Lopez
402,"Lang, Cox and Thomas",Iceland,William Miranda
403,"Woodward, Rosales and Phillips",Mauritania,Wendy Scott
404,Stevens Group,Honduras,Whitney Long
405,Guerrero-Wolfe,Ethiopia,Ian Baker
406,"Stephens, Davis and Fuentes",Jersey,Lisa Robinson
407,"Joseph, Hart and Porter",Sao Tome and Principe,Donald Mcfarland
408,"Chavez, Kelly and Brooks",Micronesia,Marie Weber
409,Fisher and Sons,Jersey,Daniel Williams
410,Ho Group,Gambia,Cheryl Harris
411,Johnson-Burgess,Costa Rica,Lauren Rodriguez
412,Mckinney PLC,Poland,Angela Cole
413,Johnson-Young,Senegal,Susan Jackson
414,"Parker, Mccann and Whitehead",American Samoa,Jennifer Smith
415,Hicks Group,Andorra,Patrick Valdez
416,Scott-Gutierrez,Dominica,Robin Cruz
417,Wright Group,Iraq,Gwendolyn Torres
418,Joyce-Mcgrath,Wallis and Futuna,Pamela Ferguson
419,Brooks LLC,Central African Republic,Maria Robles
420,Garcia Inc,Guernsey,Devon Santos
421,Vargas-Lee,Macedonia,Sara Rocha
422,"Gonzalez, Livingston and Marsh",Kiribati,Connie Woods
423,Mcgrath-Franklin,Canada,Melinda Sanders
424,Levine Ltd,Bosnia and Herzegovina,Jacob Sanchez
425,"Nguyen, Chapman and Johnston",Yemen,Nicole Roy
426,"Walker, Jacobson and Simpson",Mauritania,David Anderson
427,"Gonzalez, Ortiz and Carr",Guadeloupe,Kenneth Rice
428,Brandt Group,Andorra,Tyler Bartlett
429,"Lane, Hodge and Bridges",Sao Tome and Principe,Gabriel Pittman
430,Ramsey-Lee,Tokelau,Aaron Snyder
431,Gibson Ltd,Malta,Christine Bowman
432,"Gould, Ortiz and Wilson",Liechtenstein,Jennifer Griffin
433,Rodriguez PLC,Denmark,Briana Jackson
434,"Brooks, Roberts and Kim",Zambia,Daniel Martin
435,"Rivera, Bentley and Jenkins",Guernsey,Alexander Gordon
436,"Nguyen, Walter and Richmond",Trinidad and Tobago,Molly Fisher
437,Hernandez and Sons,Switzerland,Daniel Wolf
438,Harrington-Baker,Puerto Rico,Patricia Moon
439,"Hansen, Dominguez and Brock",Saint Vincent and the Grenadines,Matthew Sanchez
440,Jones LLC,Togo,Michelle Hunt
441,Lyons-Roberts,Uzbekistan,Amber Price
442,"Yang, Fry and Wood",Maldives,Steven Prince
443,"Jones, Lopez and Patton",Guinea-Bissau,Angela Cardenas
444,Rivers-Jenkins,Niger,Charles Williams
445,Armstrong Group,Poland,Melanie Glenn
446,"Rivera, Estrada and Pena",Denmark,William Clark
447,Hernandez Ltd,Liechtenstein,Jeff Deleon
448,Adkins-Jackson,Bermuda,Terry Archer
449,"Kline, Holmes and Carter",Marshall Islands,Mr. James Gamble
450,"Ponce, Lopez and Powell",Reunion,Richard Parker
451,"Murphy, Stevens and Carey",Andorra,Mr. Jacob Dickerson
452,Gutierrez-Gonzales,Turks and Caicos Islands,Nathan Anderson
453,"Murray, Olson and Watson",Kiribati,Victoria Benjamin
454,"Miller, Baker and Le",Latvia,Terry Ortiz
455,"Martinez, Davis and Martin",China,Mark Martinez
456,"Chung, Kramer and Williams",Pitcairn Islands,Andre Parker
457,Huynh-Sheppard,Kenya,Christopher Knight
458,Nelson Group,Belarus,Linda Kline
459,"Davila, Caldwell and Clark",Montenegro,Louis Rhodes
460,"Nielsen, Kelley and Li",Slovakia (Slovak Republic),Kari Payne
461,"Carpenter, Chavez and Brown",Oman,Jenna Wallace
462,"Robbins, Greene and Perry",Niger,Ian Cruz
463,Johnson-Stephens,Gambia,David Ramos
464,Chapman-Murphy,Solomon Islands,Monica Smith
465,"Lopez, Jones and Murray",Russian Federation,Christopher Stuart
466,Gonzalez-Harris,Heard Island and McDonald Islands,Kenneth Green
467,Ferguson-Burns,Netherlands,Christina Nelson
468,Davis-Hoover,Reunion,Scott Cooke
469,Dyer-Hansen,Kyrgyz Republic,Emily Drake
470,Price Ltd,Tokelau,Thomas May
471,Smith LLC,Bolivia,Chris Hicks
472,Brewer-Meyer,Korea,Nichole Richardson
473,Walsh Ltd,Tajikistan,Charles Miller
474,"Miller, Anderson and Miller",Turks and Caicos Islands,Amber Moreno
475,"Martinez, Wilson and Rios",Antarctica (the territory South of 60 deg S),Jeffrey Lopez
476,Schroeder-Wilson,Argentina,Philip Davis
477,Richards Ltd,Congo,Deborah Johnson
478,Barrera and Sons,Netherlands,Zachary Snyder
479,Fuller-Baker,Guernsey,Jennifer King
480,Baker-Hale,Djibouti,John Hodges
481,"Lopez, Rose and Morton",Namibia,Thomas Holden
482,Buchanan Inc,Zimbabwe,Andrew Holder
483,"Beltran, Martinez and Barry",Slovenia,Joseph Ellis
484,"Rogers, Ramsey and Ortiz",Yemen,Juan Thomas
485,Wagner LLC,Mozambique,Kerry Evans
486,"Patterson, Baker and Thompson",Australia,Richard Barnett
487,"Johnson, Meyer and Beltran",Costa Rica,Angela Cruz
488,Gregory-Thompson,Dominican Republic,Lisa Richardson
489,Santos-Morrow,Gibraltar,Mary Banks
490,Lewis-Orozco,Mexico,Jordan Bates
491,Schmidt-Martinez,Iceland,Robin Hodges
492,"Graves, Cruz and Johnson",Finland,Tonya Alexander
493,"Clark, Hopkins and Ibarra",Paraguay,Jimmy Cardenas
494,Price PLC,Anguilla,Michael Herrera
495,Davis Ltd,Saint Vincent and the Grenadines,Barbara Fernandez
496,Fox LLC,Belize,Teresa Simmons
497,"Myers, Klein and Gaines",Turks and Caicos Islands,Matthew Moreno
498,Bush and Sons,Liberia,Beth Miller
499,Castro-Kelly,Qatar,Daniel Adams
500,"Combs, Morgan and Mckee",Myanmar,Bill Greene
501,Key-Taylor,Svalbard & Jan Mayen Islands,Brian Davis
502,Kline-Martinez,United States Minor Outlying Islands,Erin Mosley
503,"Butler, Mason and Hester",Croatia,Elizabeth Jackson
504,Flynn-Jones,Tunisia,Lisa Morgan
505,Morse-Campbell,Saint Barthelemy,James Stevens
506,Patrick Ltd,Somalia,Edward Roth
507,Jones LLC,United States Virgin Islands,Mike Frye
508,"Brooks, Smith and Juarez",Togo,Joann Payne
509,Patton and Sons,Brazil,Denise Watkins
510,Boyle-Johnson,Haiti,Kimberly Johnson
511,Kelley-Green,Cook Islands,Rebecca Sanchez
512,"Mullen, Henson and Sanders",Trinidad and Tobago,Joseph Montes
513,Mendez-Johnson,Netherlands,Dylan Santos
514,"Harris, Patel and Stewart",Trinidad and Tobago,William Cohen
515,"Leon, Garcia and Weaver",Cayman Islands,Brenda Castro
516,"Rodriguez, Brown and Fisher",Sweden,Alexis Martin
517,Higgins and Sons,New Zealand,Rebecca Gonzales
518,"Adkins, Jones and Klein",Georgia,Jennifer Harris
519,"White, Hughes and Miller",Norway,Randy Martin
520,Robinson-Lopez,Luxembourg,Andrew Reed
521,Lewis-Johnson,Cambodia,Christine Hamilton
522,"Wyatt, Wallace and Silva",Isle of Man,Michael Williams
523,Bridges-Vasquez,Vietnam,Jaclyn Jackson
524,Diaz-Romero,British Virgin Islands,Courtney Sanders
525,Michael-Weaver,Guinea,Ronald Davis
526,"Vaughan, Evans and Church",Mozambique,Natalie Turner
527,Floyd PLC,Togo,Susan Thomas
528,Gutierrez Ltd,Lesotho,Michael Thomas
529,"Williams, Garrison and Green",Afghanistan,Austin Roberts
530,Faulkner-Robinson,Turks and Caicos Islands,Sean Jacobson
531,Huffman Group,Bhutan,Monique Allison
532,"Osborne, Mcintyre and Kerr",Canada,Dustin Huerta
533,Ortiz LLC,Heard Island and McDonald Islands,Heather Davis
534,Delgado-Prince,Tokelau,Kerri Washington
535,Parker Ltd,Peru,Cassandra Lee
536,"Henderson, Klein and Wilson",Isle of Man,Howard Schwartz
537,"Garcia, Myers and Herman",Venezuela,Daniel Peterson
538,Hodges and Sons,Cayman Islands,Sandra Hansen
539,Figueroa-Robertson,Belgium,Sarah Stone
540,Jordan-Patterson,Burundi,Erin Jackson
541,Ellis and Sons,British Indian Ocean Territory (Chagos Archipelago),Courtney Bowen
542,Greer-Cox,Hong Kong,David Serrano
543,Delgado Ltd,Cote d'Ivoire,Jeremiah Flores
544,Friedman-Kidd,Mexico,Timothy Grant
545,Stanley-Williams,Guadeloupe,Robin Lopez
546,Kennedy-Vazquez,Mayotte,Cheryl Reyes
547,"Hernandez, Jenkins and Smith",Mongolia,Brian Watts
548,Eaton PLC,Hungary,Benjamin Lewis
549,Anderson Group,Nicaragua,Douglas Vasquez
550,Torres PLC,Sudan,Matthew Willis
551,Johnston Ltd,Belize,Stephen Kim
552,Munoz Ltd,El Salvador,Dana Greene
553,Macias-Fischer,Myanmar,Jennifer Howell
554,"Keller, Young and Chandler",Nauru,Lisa Buchanan
555,"Simmons, Ingram and Anderson",Saint Vincent and the Grenadines,Jennifer Valdez
556,Burns-Williams,French Polynesia,Anthony Mason
557,"Walters, Jones and Kemp",Anguilla,Emily Travis
558,Fox-Brown,French Guiana,Timothy Little
559,Pratt Inc,Myanmar,Craig Arnold
560,Baldwin-Mays,Korea,Brian Reed
561,Stone-Allen,Nepal,Kelly Ellis
562,"Reed, Clark and Gutierrez",Nepal,Lee Schneider
563,Hughes Inc,Myanmar,Amy Lowe
564,"Fox, Costa and Huber",Libyan Arab Jamahiriya,Tyler Richards
565,Mercer Inc,Costa Rica,Joshua Alexander
566,Ingram-White,Macao,Heidi Cole
567,Huff PLC,Antigua and Barbuda,Patricia Neal
568,Nelson Ltd,Sao Tome and Principe,Crystal Taylor
569,Williams Group,Guyana,Olivia Campbell
570,Blankenship-Willis,Falkland Islands (Malvinas),Laurie Shepard
571,Shaffer Ltd,Croatia,Michelle Cooper
572,Smith-Montoya,Belgium,Edward Jensen
573,Bennett-Turner,Uzbekistan,David Oneal
574,Gutierrez Inc,Burundi,Deborah Nelson
575,"Walker, Obrien and Adams",Fiji,Mr. Richard Fuller DDS
576,"Robbins, Bates and Andrews",Mauritania,Peter Barber
577,"Singleton, Harris and Rodriguez",Norfolk Island,Brooke Decker
578,Smith-Oneill,Kazakhstan,David Thomas
579,Clarke-Patterson,Heard Island and McDonald Islands,Brittany Serrano
580,Kim-Mitchell,Belarus,Michelle Smith
581,Barber Group,Oman,Amber Bell
582,Combs LLC,Eritrea,David Morgan
583,"Perez, Harris and Berg",Malaysia,Tony White
584,Watson-Munoz,Brunei Darussalam,Michelle Adams
585,Cisneros-Adams,Panama,Joshua Davis
586,Duke Inc,Bouvet Island (Bouvetoya),Linda Watkins
587,Kelly-Walker,Iran,Rachel Hodges
588,Padilla Ltd,Mali,Emily Briggs
589,Weiss-Ware,Slovenia,Kenneth Jackson
590,Meadows-Dawson,Sweden,Christopher Webb
591,Coleman LLC,Mozambique,Donald Ayala
592,"Clark, Allen and Jackson",Bahamas,Vernon Barber
593,Lewis LLC,Eritrea,Ryan Faulkner
594,Ortiz-Thompson,Chad,Joanna Clark
595,Boone Group,Lithuania,Adam Rose
596,"Smith, Hogan and Wood",Macedonia,Jennifer Martin
597,Roberts-Short,Lithuania,Richard Fields
598,Barnett-Evans,Colombia,Jesse Williams
599,Patrick Inc,Tokelau,Justin Eaton
600,Harrison PLC,Turkmenistan,Patrick Carter
601,Fox Ltd,Vietnam,Andrew Hernandez
602,Garza PLC,Guam,Jon Pham
603,Pratt-Bishop,British Indian Ocean Territory (Chagos Archipelago),Christopher Hubbard
604,Harris PLC,Gibraltar,Tammy Harrison MD
605,"Morales, Ellis and Wiley",Madagascar,Emily Reid
606,Dunn and Sons,Marshall Islands,Michelle Roman
607,Jordan and Sons,Saudi Arabia,Michele Kim
608,Byrd and Sons,Bhutan,Laurie Lewis
609,Petersen-Hood,Belgium,Daniel Jones
610,Robbins-Ochoa,Saint Vincent and the Grenadines,Jennifer Walters
611,Buchanan PLC,Korea,Bradley Johnson
612,"Nguyen, Reid and Sullivan",Belize,Katherine Sanchez
613,Adams and Sons,Iran,Eric Little
614,Torres and Sons,Syrian Arab Republic,Samantha Nicholson
615,Jackson and Sons,Marshall Islands,Keith Santos
616,Rowe-Lopez,Holy See (Vatican City State),Elizabeth Brown
617,"Fields, Maynard and Rodriguez",Tanzania,Mary Mcclain
618,"Jones, Bailey and Gutierrez",Tanzania,Paul Miller
619,Henderson Group,Russian Federation,Christina Ellis
620,Anderson and Sons,Latvia,Sharon Ramirez
621,Smith-Smith,Yemen,Patrick Petty
622,Sherman-Shaw,Tajikistan,Joann Anderson
623,"Robinson, May and Mccarthy",Nepal,Jacqueline Barnes
624,"Nelson, Ramirez and Taylor",Australia,Jodi Moreno
625,"Brooks, Campbell and Avila",Honduras,Mr. Richard Wood
626,Davis PLC,Turks and Caicos Islands,Jeffrey Hamilton
627,"Lopez, Stevens and Anderson",Western Sahara,Albert Wilson
628,Whitehead-Carroll,Macedonia,Tammy Montoya
629,"Rodriguez, Henson and Vazquez",Estonia,Lauren Barnett
630,Huff Ltd,Saint Barthelemy,Misty Smith
631,"Lopez, Campos and Peterson",Palestinian Territory,Ronald Johnson MD
632,"Brock, Stokes and Williams",Canada,Lisa Jones
633,"Day, Morrison and Beck",Turkey,Robert Lawrence
634,Potts Ltd,Maldives,Austin Curtis
635,Peters LLC,Bouvet Island (Bouvetoya),Xavier Lawrence
636,Richard-Donovan,Denmark,Nicholas Garcia
637,Summers-Pacheco,Kazakhstan,Vincent Rich
638,"Davis, Jackson and Tyler",Paraguay,Jennifer Vang
639,Stone LLC,Mauritius,Amy Barajas
640,Smith Inc,Turkey,Joseph Foster
641,"Clark, Morton and Mack",Lao People's Democratic Republic,Julie Oneal
642,"Gibbs, Lambert and Greer",Bouvet Island (Bouvetoya),Lisa Navarro
643,"Cox, Leon and Fisher",Hong Kong,Rhonda Huffman
644,Saunders-Mcmillan,Korea,Kayla Wilson
645,Willis and Sons,Estonia,Scott Jefferson
646,White and Sons,Germany,William Patel
647,"Hayes, Bennett and Gill",Malawi,Tina Hill
648,"Chambers, Solis and Kelly",Moldova,Michael Cruz
649,Hernandez LLC,Italy,Tony Rogers
650,Mejia-Villanueva,Montenegro,Jeffrey Adams
651,Cook LLC,Belgium,David Farrell
652,Garrison Ltd,Morocco,Kristin Thomas
653,"Peterson, Lewis and Thomas",Suriname,Brandy Washington
654,Carr-Gonzales,Azerbaijan,Cory Walsh
655,"Brown, Peters and Wilkins",Gibraltar,Christopher Lam
656,Randolph-Dorsey,Cambodia,Catherine Tyler
657,"Woodard, Martin and Huff",Moldova,Samantha Glover
658,"Woods, Cunningham and Bowen",Dominican Republic,Henry Roberts
659,"Hampton, Smith and Lewis",United States Virgin Islands,Dwayne Stone
660,Stephens Ltd,Antigua and Barbuda,Timothy Lawson
661,Taylor and Sons,Turks and Caicos Islands,Valerie Schmidt
662,Armstrong-Thomas,Seychelles,Bryce Brown
663,Bean-Davis,Madagascar,Rachel Herrera
664,"Byrd, Mann and Terrell",Iceland,Juan King
665,Palmer-Brennan,Togo,Nancy Bishop
666,Morales LLC,Germany,Scott Avila
667,"Clark, Mcdaniel and Smith",United States Minor Outlying Islands,Kimberly Velasquez
668,"Perry, Jones and Arnold",Mayotte,Cassidy Strong
669,Parker PLC,Korea,Terry Gallegos
670,"Mosley, Giles and Vasquez",South Africa,Shawn Johnson
671,Gutierrez-Moreno,Cyprus,Frederick Jackson
672,Allen and Sons,Monaco,Kenneth Downs
673,Jackson PLC,Bulgaria,James Phillips
674,"Hunter, Nguyen and Taylor",Norway,James Cunningham
675,Tucker Ltd,Poland,Michelle Tyler
676,Cobb Inc,Anguilla,David Green
677,Clark-Cooper,Macao,Kathleen Lang
678,Sutton PLC,Niger,Sarah Willis
679,Smith-Hurst,Angola,Phillip Hubbard
680,Wagner Ltd,Macao,Sherry Schultz
681,Flores Group,Bulgaria,Jamie Brady
682,White Inc,Nepal,Roy Hebert
683,Smith Inc,Solomon Islands,Robert Thompson
684,Mitchell Inc,Comoros,Travis Mckenzie
685,"Ross, Bell and David",Gibraltar,Steven Burgess
686,"Mason, Johnson and Harrison",Guam,Ashley Christian
687,Edwards Inc,Cocos (Keeling) Islands,Shelby Martinez
688,Mccormick-Jordan,Japan,Erica Webster
689,Sanchez PLC,Myanmar,Monica George
690,Jones-Lucas,Liechtenstein,Ashley Jimenez
691,Barrett Inc,Zimbabwe,Clinton Silva
692,Hobbs Group,Micronesia,Julie Garrett
693,Collins LLC,Poland,Bianca Joyce
694,Robinson-Rowland,Lao People's Democratic Republic,Jimmy Coleman
695,Lane-Rodriguez,Spain,Curtis Harris
696,Chan-Patton,Belgium,Bailey Park
697,Carr-Snyder,Ireland,Sylvia Hood
698,"Murphy, Adams and Martin",Nepal,Carlos Chambers
699,"Garcia, Flores and Banks",Monaco,Jesse Carter
700,Smith PLC,Malaysia,Kimberly Maynard
701,Morgan-Berg,French Guiana,James Brown
702,Morris-Salinas,Holy See (Vatican City State),Jeffrey Beard
703,Walter PLC,Portugal,Katherine Kennedy
704,Lee-Lopez,Egypt,Jennifer Santiago
705,"Martinez, Reed and Wheeler",United Kingdom,Brian Rodriguez
706,Munoz LLC,Mongolia,Bruce Williams
707,Morgan-Martin,Saint Lucia,Jason Tyler
708,"Moore, Mitchell and Brown",Suriname,Alexander Parks
709,Glass Inc,Saint Helena,Diane Sanchez
710,Johnson-Brown,Tuvalu,Robert Pena
711,Merritt Inc,Belize,Tonya Taylor
712,Jimenez and Sons,Portugal,Ryan Elliott
713,"Winters, Davis and Davis",Isle of Man,Brandy Campbell
714,Leach-Gardner,Switzerland,Heidi Davis
715,"Manning, Martinez and Martinez",Tanzania,Barbara Wood
716,Hunter-Young,Bosnia and Herzegovina,Nancy Freeman
717,Casey-Curry,Cocos (Keeling) Islands,Deborah Porter
718,Lin-Jackson,Burundi,Jaime Leblanc
719,"Lee, Williams and Hampton",Singapore,Eddie Kim
720,Guzman-Simpson,Cocos (Keeling) Islands,Jennifer Brown
721,Knox LLC,Egypt,Crystal Ward
722,Chambers and Sons,Luxembourg,Faith Hansen
723,Houston Ltd,Aruba,Rita Young
724,"Bentley, Willis and Smith",Kazakhstan,Erin Torres
725,"Brown, Flores and Garcia",Tokelau,Kristina Rowe
726,Vargas-Reed,Lesotho,Adam Bowman
727,"Bryan, Dunn and Bell",Saint Barthelemy,Mindy Butler
728,Taylor-Wilson,Costa Rica,Lindsay Walters
729,Forbes-Mitchell,Botswana,Carly Diaz
730,Reid LLC,Kiribati,Robert James
731,"Carson, Hernandez and Howard",Suriname,Joyce Fields
732,"Brown, Andersen and Estes",Latvia,Stephen Ewing
733,Mcmillan LLC,Ecuador,Diane Dawson
734,Taylor Inc,Denmark,Mark Brown
735,Silva-Golden,Cambodia,Richard Boyd
736,Robinson Group,Croatia,John White
737,"Barton, Harrison and Hall",United Kingdom,Kayla Jones
738,Stewart-Orr,Taiwan,Monica Kramer
739,Kim-Brown,Albania,Jeffrey Soto
740,Snyder-Reed,Burundi,Madison Hanson
741,Barr Group,France,Anna Oliver
742,"Mccoy, Sullivan and Jones",American Samoa,Mary Smith
743,Ramirez-Sherman,New Caledonia,Justin Mitchell
744,Payne LLC,Jamaica,James Garcia
745,Richards-Merritt,Swaziland,Amy Garcia
746,"Summers, Vargas and Williams",Norfolk Island,Jessica Collier
747,"Andersen, Nelson and Ramirez",Armenia,Michael Myers
748,Mills-Newton,Taiwan,Patrick Rice
749,Garcia-Dawson,Haiti,Jesse Byrd
750,Benson Group,Saudi Arabia,Jeff West
751,Fernandez PLC,Trinidad and Tobago,Julia Hahn
752,Mclaughlin-Mitchell,Korea,Steven Smith
753,Cox-Newton,Lesotho,Luis Walsh
754,Duncan-Berry,Saint Helena,Nicole Kramer
755,Jimenez-Frazier,Croatia,Joshua Nguyen
756,Jensen-Tyler,Gambia,Peter Bennett
757,Hayes Inc,Puerto Rico,Jonathan Pennington
758,Colon-Meyer,Mauritania,Jason Thompson
759,Martin-Norris,Austria,Joseph Torres
760,Tucker Group,Rwanda,Daniel King
761,Baldwin-Ellison,South Georgia and the South Sandwich Islands,Ryan Gardner
762,Sloan PLC,Panama,Jessica Clark
763,"Cline, Simmons and Hoffman",Mauritius,Kim Sloan
764,"Velez, Byrd and Wheeler",Venezuela,Nathan Watson
765,"Horne, Lane and Meadows",Falkland Islands (Malvinas),Ryan Lynch
766,"Long, Gray and Fritz",Korea,Tiffany Lopez
767,"Stevens, Lang and Harris",Bahamas,Tiffany Stevens
768,Sullivan Group,Georgia,Victor Brooks
769,Jones and Sons,Falkland Islands (Malvinas),Elizabeth Knox
770,"Miller, Rodriguez and Griffith",Greece,Cathy Gordon
771,"Berry, Phillips and Williams",Afghanistan,Eric Anderson
772,Jackson-Oneill,Philippines,Eric Anderson
773,Beard LLC,Suriname,Russell Coleman
774,Johnson Ltd,United States Minor Outlying Islands,Devin Fritz
775,Hansen-Mcintosh,Qatar,Sarah Greene
776,"Eaton, Ritter and Perez",Jordan,Mr. Eric Lewis DDS
777,Johnson Group,Macao,Pamela Yates
778,"Doyle, Oliver and Lane",Greenland,Lori Martinez
779,Johnson-Bennett,Guadeloupe,Courtney Howell
780,Villanueva and Sons,Antarctica (the territory South of 60 deg S),Tammy Stokes
781,Walters LLC,Norway,Megan Jackson
782,Rivas-Newton,Isle of Man,Aaron Swanson
783,"Freeman, Woods and Beck",Andorra,David Reid
784,Lewis PLC,Zimbabwe,Benjamin West
785,Bush LLC,Pakistan,Susan Smith
786,"Green, Torres and Griffith",Austria,Mary Graham
787,Perry-Watkins,Seychelles,David Stuart
788,"Hughes, Reid and Newton",Liechtenstein,Douglas Jones
789,"Guerrero, Christian and Mendez",Nepal,Donald Richard
790,Perez-Becker,Yemen,Derrick Martin
791,Bell-Stephens,Tuvalu,Elizabeth Taylor
792,"Spencer, Tran and Reed",Gabon,Mary Roberts
793,Vasquez Inc,Wallis and Futuna,Logan Massey
794,Anderson and Sons,Norway,Shannon Black
795,"Lewis, Yang and Moody",American Samoa,James Vance
796,"Thomas, Calhoun and Morris",Guatemala,Kathryn Baker
797,Munoz-Meyers,Antigua and Barbuda,Doris Garcia
798,"Abbott, Wang and Carrillo",Bulgaria,Keith Rose
799,"Rodriguez, Murphy and Brown",Philippines,Rebecca Jones
800,"Oneill, Collins and Pittman",Netherlands,Rick Osborne
801,Smith Group,Chile,Heather Sanchez
802,Green LLC,Peru,Maria Bennett
803,Harris-Morris,Paraguay,Tammy Thomas
804,Watkins and Sons,Yemen,Morgan Duke
805,Harris-Oliver,Burkina Faso,Mrs. Deborah Adams MD
806,Campbell-Davidson,Uzbekistan,Christina Page
807,"Douglas, Savage and Parker",Fiji,Jaime Herrera
808,Spence LLC,Zambia,Kenneth Mcpherson
809,Alvarado-Collins,Serbia,Brianna Brandt
810,Fields-Christensen,Eritrea,Nicole Cortez
811,"Miller, Morris and Martin",Montserrat,Kenneth Miller
812,Hall LLC,Monaco,Shannon Johnson
813,"Coleman, Johnson and Garcia",Yemen,Sabrina Harris
814,Winters-Mckenzie,Finland,Elizabeth Mann
815,"Shepard, Moore and Munoz",Kyrgyz Republic,Andrew Wiggins
816,Pearson Inc,Venezuela,Melanie Delgado
817,"Lee, Johnson and Bradley",Thailand,Andrew Clay
818,"Brennan, Smith and Stewart",Bahamas,Eric Mckenzie
819,"Kelly, Hayes and Maynard",Martinique,Eileen Montoya
820,Miller PLC,Cote d'Ivoire,Allen Riley
821,Decker-Thompson,Yemen,Brent Lopez
822,"Turner, Smith and Brown",Tunisia,Eric Thomas
823,Haney PLC,Saint Lucia,Lisa Garcia MD
824,Torres-Crosby,Venezuela,Christian Allen
825,"Estrada, Murphy and Avila",Antarctica (the territory South of 60 deg S),Anthony Rogers
826,Deleon-Rice,Kiribati,Shawna Hughes
827,"Shah, Myers and Glenn",Mozambique,Samuel Garcia
828,Koch PLC,New Caledonia,Juan Zamora
829,"Dean, Jones and Ross",Nauru,Patricia Perez
830,Garcia-Nash,Ukraine,Thomas Hernandez
831,"Lewis, James and Reed",India,Rodney Christian
832,Mccoy PLC,Morocco,Jonathan Hunt
833,Mcconnell Group,Svalbard & Jan Mayen Islands,Derrick Mendoza
834,Clark-Brown,Solomon Islands,Marissa Washington
835,Hubbard-Ramirez,Zambia,Christina Joseph
836,Dennis-Williams,Syrian Arab Republic,Jason Chavez
837,"Taylor, Berry and Anderson",Monaco,Jessica Goodwin
838,"Gonzalez, Allen and Cooper",Guam,Emily Miller
839,"Miller, Choi and Reyes",Guam,Teresa Smith
840,Fields-Allen,Cyprus,Alice Pierce
841,Solis Inc,Argentina,James Santos
842,"Burns, Elliott and Simmons",Comoros,Brian Avery
843,"Kim, Jones and Stone",Eritrea,Kathleen Marks
844,Kelly Group,Grenada,Kristen Gordon
845,Moore Inc,Equatorial Guinea,Lauren Gonzalez
846,Singleton PLC,Norfolk Island,Heather Yang
847,Velazquez PLC,Suriname,Joseph Meyers
848,Mcmahon PLC,Tanzania,Jordan Ortega
849,Gibson-Pratt,Micronesia,Michael Robinson Jr.
850,Jones-Meyer,Honduras,Jonathan Charles
851,Salas-Klein,Morocco,Thomas Phillips
852,Vasquez PLC,Guernsey,Cindy Brown
853,Barker and Sons,Grenada,Lauren Hendricks
854,King Ltd,Turkey,Jay Chan
855,Richardson Inc,Cape Verde,Patricia Brown
856,Romero Group,Falkland Islands (Malvinas),Nicholas Nicholson
857,Lopez Group,Brazil,Christy Brock
858,Hernandez-Knapp,Vanuatu,Dr. Kimberly Greene
859,"Walters, Williams and Bryan",Korea,Derrick Hudson
860,Garcia-Garcia,Nepal,Regina Hutchinson
861,"Barnes, Foley and Wilson",Jamaica,Nancy Smith
862,French LLC,Equatorial Guinea,Zachary Wilson
863,Mcbride-Kennedy,Papua New Guinea,Christopher Charles
864,Marsh-Molina,Brazil,Karen Morgan
865,Heath-Porter,Ecuador,Michael Mcfarland
866,Griffin-Chaney,Belgium,Michael Smith
867,Kerr and Sons,Norway,Nicole Martinez
868,Reynolds PLC,Hong Kong,Steven Choi
869,"Cameron, Gay and Mcknight",Sweden,David Little
870,"Hoffman, Cook and Holt",Saint Vincent and the Grenadines,Tyler Hawkins
871,"Hall, Robbins and Olsen",United States Minor Outlying Islands,Greg Lawrence
872,Doyle PLC,Lao People's Democratic Republic,Kerry Davis
873,Martin-Russell,Switzerland,Chad Williams
874,"Pierce, Perez and Zimmerman",Malta,Thomas Boyd
875,Mccarthy-Copeland,Uruguay,Gerald Evans
876,Parsons and Sons,Liberia,Lauren Yang
877,Levine PLC,United States of America,Darrell Solomon
878,Escobar-Patel,Uzbekistan,Melissa Fisher
879,"Ayers, Hall and Arnold",Panama,Thomas Santos
880,Mitchell Inc,South Africa,Valerie Johnson
881,Foster Ltd,Syrian Arab Republic,Kathleen Young
882,Perry-Yang,Estonia,Aaron Sanchez
883,"White, Scott and Garrett",South Africa,Keith Anderson
884,"Owens, Norman and Howard",Bouvet Island (Bouvetoya),Nathan Love
885,Butler LLC,Uruguay,Katrina Gomez
886,Young-Nelson,Guyana,Maxwell Johnson
887,Garza-Cook,Montenegro,Jonathan Church
888,"Vaughn, Roberts and Hughes",Palestinian Territory,Mr. Thomas Allison
889,"Bauer, Smith and Brewer",Somalia,Cory Brooks
890,"Martinez, Marks and Combs",Morocco,Matthew Thompson
891,Crawford Inc,Guyana,Charles Long
892,Lindsey Group,Brunei Darussalam,David Smith
893,Nielsen PLC,Guinea-Bissau,Michael Mccoy
894,Frazier-Wilson,Martinique,Nicole Schwartz
895,Lewis-Parsons,Argentina,Kayla Scott
896,Robinson Ltd,Mauritania,Alison Patel
897,Gross-Ray,Papua New Guinea,Blake Sanchez
898,Cooke-Vaughn,Suriname,Diane Williams
899,"Huffman, White and Oneill",Faroe Islands,Michelle Garcia
900,"Evans, Ross and Allison",Martinique,Diane Ford
901,Newton LLC,Saint Vincent and the Grenadines,Frank Whitney
902,Mason-Keller,United Arab Emirates,Tiffany Landry
903,Wong-Ayers,Tuvalu,Brittney Nelson
904,Nelson-Schultz,Uganda,Danielle Johnson
905,"Hansen, Austin and Hall",Antarctica (the territory South of 60 deg S),Natalie Wise
906,Travis and Sons,Djibouti,Anna Hunt
907,"Jones, Sanders and Sampson",Congo,David James
908,"Davis, Contreras and Moody",British Indian Ocean Territory (Chagos Archipelago),Fernando Nunez
909,"Pearson, Bowers and Rasmussen",Bosnia and Herzegovina,Laura Gonzalez
910,"Reed, Lindsey and Massey",United Kingdom,Joann Evans
911,Green-Wright,Aruba,Dustin Bates
912,Rasmussen Ltd,Saint Barthelemy,James Garcia
913,Pena-Miller,Mayotte,Laura Tapia
914,Short LLC,Djibouti,Alexander Hernandez
915,"Gomez, Santiago and Leon",Sweden,Devin Lopez
916,"Simmons, Jones and Lang",Estonia,Wayne Williams
917,Medina Group,Panama,Laura Weaver
918,"Stevenson, Mckay and Dillon",Marshall Islands,Jessica Baker
919,Richmond LLC,Fiji,James James
920,Scott-Mcneil,San Marino,Kristen Clark
921,"Martinez, Rodriguez and Powell",Swaziland,Kelly Norman
922,Johnson-Davis,Comoros,Dr. Wendy Mann
923,Lyons-Miller,Costa Rica,William Potter
924,Wilson Inc,Honduras,Sarah Ayala
925,Garcia and Sons,Zambia,Mr. Craig Haas MD
926,"Hall, Burton and Ferguson",Burundi,Marissa Miller
927,"Castaneda, Williams and Pierce",Congo,Isaac Walters
928,Potter Group,Morocco,Brett Miller
929,Bradley-Morrison,Bermuda,Melissa Bowen
930,Meza-Kaufman,British Virgin Islands,Timothy Whitaker
931,Adams-Brown,Greenland,Adam Stevens
932,"Burke, Massey and Scott",French Guiana,Mark Hill
933,Mendoza-Stone,Cote d'Ivoire,Carlos Fernandez
934,"Morris, Miles and Cobb",Nepal,Steven Davis
935,Kim-Anderson,Barbados,Ashley Hawkins
936,"Vargas, White and Gross",Azerbaijan,Sara Schultz
937,"Joseph, Martin and Flores",South Georgia and the South Sandwich Islands,Mr. Jeffrey Gonzalez
938,Bennett-Webster,Holy See (Vatican City State),Anthony Watson
939,Bolton Group,Greece,Hannah Mathis
940,Peterson-Brown,Malawi,Stephen Sanders
941,Davis-Roy,Cameroon,Robert Perry
942,Wiley-Soto,Sri Lanka,Dorothy Martin
943,"Shah, Rowe and Stanley",Argentina,Mark Hubbard
944,"Boyd, Jones and Bentley",Saint Martin,Mr. Corey Romero MD
945,Hunt Inc,Burundi,Jessica Ryan
946,"Jones, Montes and Young",El Salvador,Chase Lopez
947,Harper-Chang,Georgia,Angela Owen
948,Erickson-Anderson,Swaziland,Alex Gomez
949,Huffman Ltd,Indonesia,Karen Carpenter
950,Vazquez-Brown,Macao,David Wade
951,Roy-Webb,United States Minor Outlying Islands,Jason Alvarado
952,"Carey, Shelton and Jensen",Mexico,Michelle Smith
953,"Jones, Jordan and Powell",Mexico,Eric Guzman
954,Vega-Torres,Botswana,Michael Mckenzie
955,Malone-Holt,Belarus,Lisa Cooper
956,Porter and Sons,Romania,Edward Alvarado
957,"Davis, Frazier and Garza",United States Virgin Islands,Kayla Roth
958,Owens PLC,Brunei Darussalam,Joshua Hernandez
959,Hall Group,British Virgin Islands,James Beasley
960,Larson-Brown,Greenland,Anthony Turner
961,"Reeves, Aguilar and Gilbert",Gambia,Jerry Watts
962,Bell PLC,French Southern Territories,Jennifer Smith
963,"Clark, Brown and Gardner",Uganda,James Kelly
964,Bell-James,Israel,Eric Riley
965,"Walters, Lucas and Olson",Kenya,Lisa Barajas
966,Vaughan Group,Western Sahara,Travis Clark
967,Hughes-Rhodes,Pakistan,Martha Williams
968,"Santiago, Williams and Warner",Canada,Raymond Thompson
969,"Larson, Porter and Miller",Egypt,Sharon Wagner
970,"Thomas, Rosario and Gallagher",Burkina Faso,William Lopez
971,"Brown, Clark and Krueger",Christmas Island,Katie Fisher
972,"Gray, White and Martin",Nigeria,Cheryl Taylor
973,Tapia and Sons,Sierra Leone,Mark Brown
974,Rodriguez PLC,Albania,Alexandra Fisher
975,Martin-Neal,Saint Kitts and Nevis,Christopher Townsend
976,Shepherd Inc,Anguilla,Barbara Davis
977,"Moore, Kidd and Wright",Egypt,Margaret Acosta
978,Herrera Ltd,Somalia,Benjamin Hayes
979,"Jones, Ruiz and Rich",Samoa,Allison Wilson
980,Harris Inc,Micronesia,Marissa Snyder
981,"Lewis, Bradford and Gaines",Togo,Rebecca Smith
982,Smith Inc,Singapore,Mary Shepard
983,Smith Ltd,Puerto Rico,Christopher Webb
984,"Scott, Greer and Moses",Saint Pierre and Miquelon,Eric Moody
985,Johnson Group,Cambodia,Vanessa Oneal
986,Kelly-Boyd,Egypt,Jim Miller
987,Scott-Johnson,Bouvet Island (Bouvetoya),Joseph Padilla
988,Stone-Jones,Saint Helena,Anna Moreno
989,May LLC,Reunion,Kelly Quinn
990,"Hahn, Jones and Ferguson",Tunisia,Annette Mcintosh
991,"Miller, Little and Carter",South Georgia and the South Sandwich Islands,Justin Graham
992,Lee-Ramirez,Uruguay,Michael Walker
993,"Shaw, Reyes and Mckenzie",Kyrgyz Republic,Stephanie Smith
994,"Rose, Adams and Waters",Somalia,John Roberson
995,Johnson-Harrison,Saint Martin,James Duran
996,Woods Group,Montserrat,Ryan Thomas
997,"Scott, Wolf and Powell",Russian Federation,Theresa Adams
998,Sherman-Smith,Angola,Stephanie Collins PhD
999,Johnson Group,India,Jessica Peterson
1000,Ramsey Group,Netherlands,Ashley Hughes
