1,Lopez-Klein,"359 Martinez Turnpike
South Toddland, ME 02159",631,davidcastillo@example.org
2,"Norman, Adams and Clay","3876 Young Fort Apt. 301
North Anthony, MS 93522",489,bethany38@example.org
3,"Hawkins, Mitchell and Guzman","28517 Harvey Walk Apt. 223
East Davidmouth, WI 26874",981,englishheather@example.com
4,"Henderson, Sanchez and Olson","39114 Billy Walks Suite 309
Smithfurt, MP 36110",636,sarah96@example.net
5,Robinson-Clark,"715 Brooke Flats
Maryborough, NE 97558",979,ghoover@example.com
6,Lindsey Group,"88024 Williams Plains
Lake Danielshire, TX 37744",807,ethanperez@example.com
7,"Fitzpatrick, Chandler and Williams","PSC 7672, Box 7377
APO AP 51481",971,curryamanda@example.org
8,"Carpenter, Sullivan and Velez","342 Andrew Causeway
Port Rachel, TN 60097",703,campbellsamantha@example.net
9,"Crawford, Huber and Kemp","9212 Aguilar Avenue
Davidsonmouth, AR 13400",808,tarascott@example.net
10,Mckay Inc,"USCGC Hooper
FPO AA 75337",318,fboyer@example.net
11,Smith and Sons,"Unit 3089 Box 0521
DPO AP 42930",759,megan10@example.com
12,"Anderson, Gray and Elliott","026 Douglas Points
North Stephanie, WA 38114",642,laurawhite@example.net
13,Nelson LLC,"Unit 8753 Box 1360
DPO AA 18182",157,matthew57@example.org
14,"Arias, Spencer and Bryant","318 Donald Tunnel
Diazville, AZ 20480",721,nathaniel20@example.com
15,Bowen-Thomas,"433 Danielle Square Apt. 737
Port Gary, GU 76713",625,michellejensen@example.org
16,Winters PLC,"527 Michael Ridges Suite 746
Dianaborough, CA 16977",637,matthewmathews@example.com
17,"George, Johnson and Davis","7766 Todd Summit
East Kathleen, PA 45114",927,jmiller@example.org
18,Thompson-Dennis,"PSC 7339, Box 5131
APO AA 76422",307,andrew17@example.net
19,"Velazquez, Summers and Herman","Unit 1404 Box 5978
DPO AE 29885",229,derekcasey@example.com
20,Mcmillan-Hess,"7292 Robert Cape
New Jonathanmouth, NV 06618",686,velasquezbrian@example.net
21,"Chandler, Allen and Fowler","415 Jerome Street
Bellview, OH 36470",192,htorres@example.net
22,Owens-Hernandez,"0051 Jack Lock Suite 698
Dudleyland, NY 76718",831,hsavage@example.org
23,"Bryant, Herrera and Chen","4495 Brandon Highway Apt. 134
Lake Kaitlynbury, AS 34473",650,edward24@example.net
24,Roberts PLC,"8625 Garcia Shoals Apt. 164
Lake Dianaside, NJ 87075",875,evanssherry@example.org
25,Odonnell-Sampson,"509 Meghan Mission
Port Anthony, IA 81645",759,williamgarcia@example.com
26,Taylor-Rogers,"874 Jonathan Square Apt. 455
North Johnchester, KS 30379",744,hhurst@example.net
27,"Clayton, Young and Smith","642 Christopher Ridges Apt. 544
Stacychester, MA 81223",99,jennifer89@example.com
28,Robinson LLC,"185 Brown Tunnel
Loveborough, MA 04199",471,harrisnicholas@example.org
29,Morrow Inc,"81519 Brenda Canyon
Curtisborough, NM 02156",808,catherine63@example.org
30,Mercado-Brown,"44577 Timothy Squares
Harrischester, CT 49217",216,jenniferrhodes@example.com
31,"Benjamin, Anderson and Blair","15963 Hawkins Lock
Angelamouth, NM 44333",429,knappderrick@example.org
32,Miller Ltd,"84427 Smith Drives Suite 271
North Brianchester, VT 99482",647,svaughn@example.com
33,Le Group,"5248 Peter Gardens
North Mary, NY 40469",599,whernandez@example.com
34,"Johnson, Miller and Lewis","8036 Kevin Walks
Andreaside, TX 99512",316,jday@example.net
35,"Manning, Perry and Wiggins","7135 Williams Corners
Lanechester, WY 32917",415,connorwagner@example.com
36,Davis Ltd,"9910 Hayes Overpass Apt. 296
Angelamouth, SD 88188",372,acline@example.com
37,Long-Harris,"130 Hooper Trail
Cynthialand, AL 10252",747,sonia41@example.org
38,"Price, Griffin and Hill","9953 David Prairie Suite 520
Tapialand, PR 86601",482,judytodd@example.net
39,Lowery and Sons,"5339 Steven Lodge
West Kim, TX 25583",443,cindy10@example.com
40,"Wagner, Palmer and Phillips","235 Michael Club
Lake Michaela, NE 99349",258,weavertrevor@example.com
41,Nixon-Hall,"3267 Alexander Drive Apt. 005
Port Robinhaven, VT 45387",904,krystalrussell@example.net
42,Morgan-Daniels,"781 Margaret Points
Parkermouth, NM 37000",373,rmann@example.net
43,Brooks-Petty,"9786 Kevin Turnpike Apt. 776
Cunninghamside, MA 34635",431,joshua39@example.net
44,Haley-Heath,"0116 Johnson Shore Apt. 403
Anthonyfort, WA 42806",856,bradley11@example.org
45,Williams LLC,"90070 Michael Row
New Joy, VT 34850",560,kmccarty@example.org
46,"Steele, Fernandez and Smith","92704 Donna Curve
South Mariatown, PA 96776",70,nicholas67@example.com
47,"Leonard, Campbell and Hicks","8418 Tyler Stream
Port Meredithville, GU 29722",316,krystalchase@example.net
48,Reynolds LLC,"302 Atkinson Corner Apt. 633
West Haleyfort, MN 46308",284,bradleysingh@example.com
49,Rubio and Sons,"026 Duncan Canyon Suite 687
South Michelle, AS 05693",917,sandra25@example.org
50,"Gordon, Hernandez and Williams","35368 Paul Mountains
Kaylaland, NY 18539",839,grayanna@example.net
51,Chavez-Meyer,"4848 Moss Heights Apt. 828
Port Lisachester, NC 34264",132,kristine91@example.org
52,"Thomas, Maldonado and Davidson","63027 Howell Point
Butlerborough, KY 18710",173,longjoseph@example.net
53,Roberts LLC,"3268 Michelle Pass
Wendybury, LA 05361",900,elizabethjohnson@example.org
54,Salinas-Johnson,"72840 Dunlap Square
West Catherine, HI 48382",917,danielruiz@example.com
55,Alvarez Group,"9697 Jeremiah Views
New Roberto, FM 92904",861,ericrush@example.net
56,Vincent Group,"5014 Nelson Vista
Sheribury, CA 07077",318,areed@example.net
57,Larsen LLC,"099 Robert Greens Suite 801
Port Nancyland, FL 68192",54,johnnycalderon@example.org
58,Tran Group,"2157 Gonzalez Gardens
Elizabethhaven, PR 54256",925,johnsonchad@example.org
59,"Hernandez, Garcia and Williams","856 Rachel Springs Suite 819
Port Amandashire, DE 13034",491,jamesjackson@example.org
60,Todd Inc,"196 Wilson Walks Suite 719
West Christian, VA 35079",769,ldavis@example.net
61,"Thomas, Johnson and Hall","2462 Anna Village
Goodmanview, DC 91609",808,aaronaustin@example.org
62,"Ryan, Johnson and Olsen","697 Miller Park Suite 070
Port Brandonport, MP 80078",502,regina23@example.org
63,Morrison-Santiago,"72390 Christopher Ways Apt. 641
Barbaraville, MH 78505",562,jhull@example.net
64,Allen-Wright,"USNV Wood
FPO AP 32093",538,ellisveronica@example.com
65,Walker-Sanchez,"16410 Leslie Place
Gardnerhaven, PA 32582",395,amanda41@example.org
66,Bowen LLC,"21909 Christopher Mill
Natashastad, ND 91984",379,mooretiffany@example.net
67,Austin-Gray,"07952 Dakota Branch Apt. 868
West Debra, PW 43458",100,drewhernandez@example.com
68,Morris Ltd,"904 Page Trace Suite 389
South Gary, MN 26270",625,matthewstone@example.com
69,Williams-Santiago,"167 Rice Gateway Apt. 299
East Donna, WI 85885",549,christinelopez@example.org
70,Jennings PLC,"55189 Kenneth Radial Suite 886
New Nicholaston, MI 53051",323,miranda95@example.com
71,Small and Sons,"61391 Young Mount Suite 504
North Connie, MT 42036",247,nfuller@example.org
72,Kirk-Smith,"146 Stevens Parks Suite 860
North Jacquelinefurt, FL 29614",560,williamstommy@example.org
73,Sexton-Morris,"853 Laura Spurs
Christopherburgh, MH 83235",898,kimberlypayne@example.org
74,"Delgado, Gonzalez and Cobb","9865 Williams Prairie Apt. 816
North Jamesburgh, FL 05597",398,lwu@example.com
75,"Pham, Gregory and Noble","8594 Diane Pike
Martinezport, DC 02259",516,adamhill@example.org
76,Meza LLC,"0320 Conley Spring
West Kristy, MH 76742",695,robertsoncourtney@example.org
77,"Coleman, Shepard and Wolfe","9780 James Lock
South James, IN 92985",267,robertbrown@example.net
78,"Sampson, Harris and Wyatt","14838 Sara Ports Apt. 987
Joneschester, GA 02854",40,walljonathan@example.org
79,Norris-Thomas,"6351 Justin Loop
North Martha, IN 26214",946,vcohen@example.net
80,Kelley Inc,"3944 Matthew Mountains
Lake Donaldside, CA 31334",743,whitebrenda@example.net
81,"Fernandez, Orr and Smith","USNV Ramirez
FPO AA 52152",818,hriley@example.net
82,"Byrd, Dunn and Cannon","074 Montoya Brooks Apt. 109
Tiffanybury, CA 25315",152,cbishop@example.com
83,"Arnold, Peterson and Fields","34708 Montgomery Tunnel
Kingmouth, NH 22411",774,hgarcia@example.com
84,"Kelly, Guerrero and Berg","3862 Chase Keys
Sheribury, WA 53424",193,mooreerik@example.org
85,"Miller, Bell and Manning","USNS Alvarez
FPO AE 69677",467,jamesmichael@example.net
86,"Wilkerson, Hill and Smith","Unit 2870 Box 8645
DPO AP 17579",844,tpeterson@example.net
87,Smith-Lewis,"985 Lutz Via Suite 114
North Kaitlyn, MH 35125",94,samantha38@example.org
88,"Wyatt, Weaver and Oliver","2276 Thomas Place Apt. 370
West Michaelmouth, CT 88531",563,theresa07@example.org
89,"Johnston, Brown and Bailey","79593 Rollins Centers
Port Thomashaven, IN 71802",213,monicacollins@example.com
90,Santana-Becker,"9795 Heather Branch
West Michelleberg, IA 01657",847,dgutierrez@example.net
91,"Sutton, Mckenzie and Peters","Unit 8539 Box 1871
DPO AA 65768",817,rebeccawagner@example.net
92,"Thompson, Gilbert and Allen","7563 Cooper Valley Suite 368
Vangport, ND 72587",462,robertsduane@example.org
93,Foster-Flores,"4343 Francisco Drive
Morganton, GU 40231",500,brandon94@example.net
94,"Cook, Roth and Wheeler","049 Horne Track Apt. 449
Mathewport, OR 25253",855,lindadean@example.org
95,Cameron-Randolph,"321 Nancy Trail
North Joseph, TN 91468",720,beckerkurt@example.com
96,Douglas and Sons,"77477 Smith Greens
North Zachary, SD 20978",57,lauramartin@example.com
97,"Phillips, Howard and Fernandez","8916 Cochran Ports Apt. 004
South Michellebury, UT 20259",120,larrytaylor@example.net
98,Walker Ltd,"588 Jackson Burgs
Lake Lindsaymouth, PW 31500",358,padillabenjamin@example.net
99,"Rodriguez, Williams and Whitaker","88821 Henry Cape
Johnsonstad, VA 77466",85,scottmary@example.com
100,Elliott-Nelson,"63958 Brandon Ports
Michaelville, LA 92806",79,brownheather@example.org
101,"Schmitt, Garcia and Warren","42985 Stephanie Mount
Lake Brianside, RI 53616",859,theresaholmes@example.org
102,Wilson and Sons,"4038 Walter Lakes
North Emmaburgh, MN 20127",779,mitchelllaura@example.net
103,"Thompson, George and Miller","Unit 6572 Box 6237
DPO AA 39378",642,lanesamantha@example.org
104,Green-Ruiz,"440 Weaver Rue Suite 400
Nicoleville, NY 35257",153,david83@example.net
105,Underwood Group,"294 Emma Gardens
Port Lisabury, IL 62433",860,espinozasarah@example.org
106,"Allison, Donovan and Brown","37539 Reed Springs
Christinaside, PW 71374",153,garrettyoung@example.com
107,"Miller, Sullivan and Martinez","893 Lopez Lock Apt. 445
Schmidttown, OH 29430",558,howardtanner@example.net
108,Roberts Ltd,"8327 Kathleen Viaduct
West Janet, SD 12249",366,ryan49@example.org
109,Adams-Greene,"869 Simmons Mountain Suite 750
East Miguelside, GU 55883",783,tsmith@example.net
110,"Smith, Johnson and Ingram","Unit 3594 Box 9514
DPO AE 25801",722,crystal51@example.net
111,"Johnson, Hernandez and Floyd","0026 John Spurs
Simpsonland, WI 58677",438,danielperez@example.com
112,Cannon Ltd,"2588 Megan Flats
Lake Jeffreyburgh, WA 40709",718,omiller@example.org
113,Hernandez LLC,"31010 Savage Points Apt. 539
Port Patrickmouth, DE 46648",339,bautistaamy@example.net
114,"Williams, Haynes and Delacruz","4913 Thomas Fords
New Tyler, DE 08049",638,bakeremily@example.com
115,"Henderson, Rivera and Valenzuela","04908 Bryan Station
South Williamberg, UT 66914",196,thomas46@example.org
116,"Martinez, Wilson and Buck","583 Amy Fields
Danielstad, NM 07723",522,csandoval@example.net
117,"Thomas, Thompson and West","3411 Hopkins Summit
Lake Lisa, KY 55123",443,kchaney@example.net
118,"Russell, Brandt and Short","6744 Lauren Spring
Lake Deanburgh, MD 86494",816,ashleyeaton@example.org
119,"Johnson, Wilson and Davis","262 Anthony Lane Apt. 521
Pageshire, PA 77861",260,hamiltonsandy@example.org
120,"Miller, Mason and Carr","3587 Devin Path
Sullivantown, NH 50461",974,stoneaaron@example.org
121,"King, Roberts and Allen","9524 Gabriel Stream Suite 562
West Huntertown, OH 79891",206,adriana69@example.com
122,"Brown, Gill and Reynolds","68284 Tara Coves
South Mistybury, NC 22869",959,phillipssusan@example.net
123,"Bates, Diaz and Solis","366 Boyd Roads
Port Eugene, FM 22289",419,patrickrandall@example.com
124,Mcdaniel-Hansen,"27442 Hernandez Station Apt. 576
East Erictown, DE 01666",56,clarkshawn@example.net
125,Lloyd-Thompson,"3177 Fox Mall Apt. 803
North Marcport, NM 72885",170,hensonangela@example.org
126,Woodard-Lewis,"70523 Santos Ports Suite 854
Robertsport, IA 12863",951,whitneymejia@example.net
127,Garcia-Powell,"77647 Hale Crossing Apt. 368
Stevenbury, AZ 93692",508,mary37@example.com
128,Perkins LLC,"958 Richard Squares
Carolynfurt, HI 42730",855,schmidtbrittany@example.org
129,Lam-Medina,"360 Giles Motorway
West Jacob, MH 45108",746,justin89@example.net
130,Bell-Wilson,"300 Gregg Springs
Omarshire, RI 05311",73,nstewart@example.net
131,Petty-Rubio,"443 Daniel Village
Christinemouth, MA 11202",405,larnold@example.net
132,Alvarez-Whitaker,"076 Flores Lodge Apt. 900
Port Juliamouth, PR 63982",455,huffmanmichele@example.com
133,Blair Inc,"683 Brandy Isle Suite 814
Port Susan, AS 77563",535,hansensheri@example.com
134,Jones Group,"88398 Fred Brook Apt. 196
Dakotaport, MI 27601",863,erickelly@example.org
135,Tapia and Sons,"Unit 2059 Box 4761
DPO AA 09424",319,brittanystewart@example.org
136,"Mcbride, Garcia and Franklin","3090 Adam Freeway
Mortonbury, HI 95102",180,blynch@example.org
137,Clark-Patel,"71557 Hoover Flats Apt. 872
Briannamouth, MN 12008",268,nathan41@example.net
138,"Smith, Brooks and Mcclain","487 Victoria Drives
North Lisaton, NJ 04932",158,sarahuffman@example.com
139,"Welch, Christensen and Fisher","239 Charles Brooks Suite 711
Greenchester, GU 92211",430,marydavis@example.net
140,"Jones, Cole and Liu","4893 Miller Parkway Apt. 497
East Richardbury, CA 38918",1000,kellymason@example.net
141,Hernandez and Sons,"9232 Sean Gateway Apt. 335
North Lauramouth, IN 77504",36,cassandra96@example.net
142,Bradley-Hayes,"289 Sandra Points
Susantown, TN 41695",863,ritacollier@example.net
143,Russell LLC,"USS Allen
FPO AE 77345",809,morrisonvictoria@example.net
144,Huber-James,"35633 Kristi Vista Suite 226
Holmesview, FL 99693",427,katelynduran@example.net
145,Reynolds and Sons,"1206 Jones Haven Apt. 804
South Amber, NJ 33419",816,nicole35@example.net
146,Molina-Oneal,"Unit 4396 Box 7118
DPO AE 74615",246,lawsonlaura@example.com
147,Jones-Wise,"1418 Brady Estate
Huynhfurt, HI 43807",347,john27@example.org
148,"Roberts, Fitzgerald and Gardner","854 Powell Crossing
Matthewmouth, KS 06263",514,qbaldwin@example.org
149,"Smith, Gillespie and Rivera","8542 Oconnor Branch Suite 464
East Angelafurt, KY 43300",843,joseph97@example.org
150,Hawkins Inc,"2165 Baker Mission Suite 690
Gonzalesfort, VI 65479",233,christophergrant@example.net
151,"Smith, Hayes and Mcbride","19467 Conley Vista
Cynthiashire, SC 24584",526,earlbenjamin@example.org
152,"Montgomery, Campbell and Carter","528 Jackson Forge
Port Austinstad, WY 26286",640,josephkim@example.net
153,"Mitchell, Wheeler and Richardson","366 Reyes Glens Apt. 931
Lake Olivia, OH 50943",720,yedwards@example.com
154,Martinez and Sons,"954 Edward Vista
Christopherbury, UT 11536",966,simsmichele@example.net
155,"Robinson, Parsons and Bush","0695 Dixon Canyon
Deniseton, KY 37934",622,wchang@example.com
156,Morris and Sons,"3414 Turner Rapids Apt. 148
Lucasfort, PW 08894",455,daniel35@example.org
157,Miller PLC,"144 Smith Road
Pattersonmouth, UT 07145",480,hthompson@example.net
158,"Wiley, Brennan and Lopez","84173 Brian Mission
New Tara, CO 74222",474,ann67@example.org
159,"Soto, Butler and Schneider","480 Taylor Route Suite 337
Port Jenniferberg, HI 63507",551,fwhitehead@example.org
160,Brewer Inc,"25372 Carl Islands
New Julieborough, LA 26342",39,jefferynolan@example.net
161,Ruiz and Sons,"634 Mitchell Branch Apt. 733
Debrashire, PA 64876",830,aprilromero@example.net
162,"Hammond, Johnson and Smith","1503 Schultz Lane
Clarkburgh, DE 17900",38,jill86@example.com
163,Andrews-Baxter,"1307 Rogers View Apt. 305
North Kevin, NY 52447",338,lkim@example.com
164,Smith Group,"PSC 2427, Box 5577
APO AE 73981",536,canderson@example.net
165,Brown Inc,"02799 Christopher Ranch
West Thomasside, MT 38434",449,james92@example.com
166,"Russell, Figueroa and Long","Unit 4522 Box 6821
DPO AP 04402",553,james43@example.com
167,"Lang, Turner and Martinez","77585 Brian Unions Apt. 578
Dixonland, KY 41809",742,john30@example.org
168,Washington-Steele,"67205 Frances Creek Apt. 487
Port Sharon, AL 01908",796,ramosjessica@example.net
169,Adams-Dixon,"9818 Christopher Meadow
East Mary, IL 76960",515,kelsey84@example.net
170,"Lewis, Young and Rosales","78740 Robert Estate
Williamsfurt, GU 52547",986,dbutler@example.net
171,Phillips-Castillo,"9217 Howard Street Apt. 798
Ryanbury, NC 44004",98,uandrews@example.com
172,Riley-Sullivan,"90903 Bray Tunnel
South Pamela, MD 61804",501,benjaminmitchell@example.com
173,Collins and Sons,"95560 Kara Centers Suite 350
New Charlesfort, WY 28937",238,harrisbrett@example.org
174,Griffin-Jones,"51786 Tracy Court
West Melissa, PW 49801",658,michelle32@example.com
175,Mccarthy-Gibbs,"581 Taylor Pike Suite 361
North Lisashire, TN 00522",598,sharonglenn@example.org
176,Hobbs LLC,"692 Thomas Mill
Juanville, KY 45968",607,pcampbell@example.com
177,Taylor PLC,"606 Juan Plain Suite 914
West Amandaborough, AK 29258",985,osingh@example.com
178,"Hamilton, Davis and Mann","08226 West Route
Kennethmouth, OK 48787",365,tuckermichelle@example.net
179,Weaver-Warren,"385 Daniel View Suite 058
South Marvinchester, WY 47371",55,georgetravis@example.net
180,"Smith, Kelley and Lewis","0660 Valdez Harbor Apt. 397
Drakeside, MP 48597",10,alvarezpamela@example.org
181,King Ltd,"546 Williams Ranch
Schmidtstad, VA 04434",215,tom61@example.com
182,Jones-Smith,"85596 Martinez Spurs Suite 737
New Cory, NE 60148",861,pbrooks@example.org
183,"Rice, Thompson and Lee","65868 Cruz Avenue
Patrickmouth, OK 78785",18,johnsonjasmine@example.com
184,Johnson-Kirk,"62557 Tucker Prairie Apt. 599
Amandaton, VI 46557",576,karenhicks@example.org
185,"Jones, Blair and Thomas","808 Melissa Rest Apt. 375
West Richard, MP 28064",151,ashleyfisher@example.net
186,"Myers, Dennis and Lee","7472 Ashley Mall Apt. 325
Estradaton, OK 37411",670,iramos@example.org
187,Ortiz-Davis,"0790 Jennifer Fort
East Dawnborough, OH 83511",645,pinedacharles@example.org
188,Benson Group,"588 Castillo Road Suite 134
Amandaberg, KY 74570",258,jasonmoore@example.com
189,Pitts-Mason,"1828 Steven Plain Suite 783
Phillipschester, CA 70529",900,karen96@example.net
190,Rogers-Allen,"55493 Mooney Street
Lindseyport, FM 67649",947,cchen@example.com
191,"Jackson, Smith and Martinez","5493 Bradley Estate
Kimberlyville, KY 26343",997,vanderson@example.net
192,Russell LLC,"18882 Matthew Expressway Apt. 752
Triciatown, ND 92357",553,tim88@example.com
193,"Ruiz, Li and Shea","4236 Bradley Plains
Lake Jasonfurt, MT 21989",562,adamsandrew@example.net
194,Williams-Hodge,"4486 Kelly Square
West Leviview, NC 98184",436,hoodluis@example.net
195,Gallagher Ltd,"6356 Allen Fords
West Cynthia, GA 93394",820,owensjeffrey@example.org
196,Smith-Lewis,"5107 Drew Lock
Beckermouth, LA 70124",260,maxwelljackson@example.com
197,Hopkins-Knight,"4680 Elizabeth Stream
East James, OH 24104",576,hodgenicole@example.net
198,Horne Inc,"USS Kelly
FPO AE 17098",312,frankmay@example.net
199,Diaz-Yu,"913 Tammy Plains Apt. 788
Lake Kristina, NE 44805",362,thernandez@example.net
200,"Glenn, Gonzalez and Potts","35153 Nicole Centers
New Christine, MD 52402",84,msmith@example.com
201,"Parker, Cruz and Hill","969 Jessica Burg Apt. 112
South Lisaburgh, PW 53841",387,samanthachristensen@example.net
202,"Mills, Jones and Marks","86381 Mallory Square Apt. 778
Mooreton, CA 31550",558,brooksscott@example.com
203,Johnson-Navarro,"737 Matthew Meadow Suite 214
Stephaniehaven, LA 62398",58,gonzalescynthia@example.org
204,Becker Group,"18035 Holland Walk
West James, NV 39818",369,richardwood@example.org
205,Phillips and Sons,"436 Tanya Mission
New Ginashire, RI 83564",682,latoyaboyd@example.com
206,Taylor Inc,"955 Cheryl Route Suite 044
Reedland, MD 43862",736,butlermatthew@example.org
207,Baldwin LLC,"9712 Linda Pine Suite 612
Charlesport, IL 72258",191,kentryan@example.com
208,Ponce-Hardy,"985 Rhonda Island
Lake Bryan, AL 71175",277,erik44@example.com
209,Weber-Anderson,"6202 Smith Highway Suite 062
West Sarahland, CO 94236",91,qmartinez@example.com
210,Hicks-Donaldson,"1982 Andrew Fork
South Lauraburgh, CO 57934",882,julie20@example.org
211,Robbins-Edwards,"7264 Franco Mills
Kirkport, MH 59967",325,gperez@example.org
212,Fowler-Foster,"75182 Michael Causeway Suite 637
North Tyler, PR 50206",479,vbowman@example.net
213,Thomas and Sons,"PSC 3182, Box 4826
APO AP 98412",182,gail66@example.org
214,"Wood, Middleton and Collier","02235 Wright Stravenue
North Caitlin, PW 16537",123,tonyacamacho@example.com
215,"Stephens, Wright and Estes","USCGC Lopez
FPO AE 90175",174,sharon97@example.org
216,Santana-Murphy,"29955 Cathy Viaduct Suite 730
Harrismouth, MS 80437",94,antonio86@example.net
217,Garza LLC,"42134 Darryl Divide
Port Shane, AR 18535",731,riverajoel@example.net
218,Jones-Randall,"923 Robert Green Apt. 613
Justinfurt, TX 04577",953,ashley16@example.net
219,"Becker, Floyd and Nelson","5942 Stephanie Road Suite 348
Jessicashire, AK 41379",771,pricelindsay@example.org
220,Key-Bray,"795 Ewing Station
New Kimchester, AZ 75405",356,christopher04@example.net
221,Hammond and Sons,"904 Williams Route
Port Courtneymouth, DE 54210",722,robert55@example.net
222,"Gregory, Brown and Cain","06979 Virginia Vista
Tracyport, MA 25350",508,valdeznatalie@example.net
223,Wheeler-Walsh,"977 Casey Lodge
Lake Alexisside, VI 38578",612,francischase@example.com
224,Chambers-Phelps,"PSC 7019, Box 8255
APO AA 98571",443,olsonalyssa@example.com
225,Swanson-Bartlett,"3385 Joseph Mount Apt. 656
Amandaview, VA 24624",237,patricia71@example.org
226,"Reyes, Rich and Garcia","PSC 9895, Box 3630
APO AA 30845",578,robinpeterson@example.org
227,Livingston LLC,"4920 Finley Mountain
North Michelle, CT 94578",817,ashleyburns@example.com
228,Summers-Burton,"051 Jared Park Suite 609
New Matthewmouth, IN 14769",754,johnsonjessica@example.net
229,"Wilson, Brooks and Glass","897 Austin Lodge Apt. 951
South James, GU 30640",199,zrice@example.com
230,"Williams, Lewis and Daniels","91537 Carter Stravenue Suite 361
Perezville, MT 09227",882,zbarker@example.net
231,"Smith, Dudley and Krueger","6215 Michael Port Apt. 835
South Kristyfort, ID 16555",531,kellyjeffrey@example.net
232,"Warren, Nguyen and Brown","200 Ronald Station Apt. 383
New Angela, NE 89596",401,rodriguezaustin@example.com
233,David Group,"3673 Gibson Walks Apt. 373
North Amanda, DE 68312",526,pmacdonald@example.org
234,"Baker, Rodriguez and Solis","356 Kenneth Crescent
Michaelchester, FM 69592",923,ahunter@example.net
235,Cisneros-Weaver,"38225 Fox Glen Apt. 547
Port Karen, UT 91231",708,ktaylor@example.net
236,Baker Ltd,"Unit 1610 Box 4013
DPO AA 86921",697,fpena@example.com
237,Pope-Werner,"0001 Matthew Manor Apt. 170
North Lisa, TN 61695",265,ethan97@example.net
238,Miles-Fox,"87449 Rose Ramp
Millerchester, NE 14629",861,enichols@example.org
239,"Evans, Reynolds and Kirk","13453 James Neck
North Phillipport, HI 89373",54,paulahester@example.org
240,"Castro, Tran and Ruiz","44977 Alexander Tunnel
Barneshaven, NH 25971",407,lisa70@example.net
241,Weaver Ltd,"4945 Mackenzie Loaf Apt. 978
Smithport, OH 84132",617,paul05@example.org
242,"Olson, Marshall and Green","246 Timothy Prairie
Chandlerstad, NY 50173",145,colton62@example.com
243,Malone-Mason,"731 Vaughn Ferry Apt. 776
West Tammyland, MD 91766",205,uhall@example.org
244,Franklin LLC,"01423 Ford Point
Millerborough, AS 38994",91,arnoldchristopher@example.org
245,Miller Inc,"USS Anderson
FPO AE 03396",63,christopherbryant@example.net
246,Garcia PLC,"79974 Frank Rue
Lake Francesmouth, PR 45976",825,watsoncindy@example.com
247,"Allison, Vaughn and Forbes","297 Richard Street Apt. 160
Nicholsland, DC 69944",868,ireeves@example.org
248,Keller-White,"655 Parker Lodge
Lake Stephanie, VI 56363",258,rachel73@example.com
249,"Erickson, Davis and Bullock","Unit 6809 Box 1550
DPO AA 26811",10,robinsonashley@example.net
250,Owens-Kirby,"055 Isaac Path Suite 969
South Emmaton, WA 72580",830,dickersonmary@example.org
251,"York, Rivera and Bailey","90275 Gomez Camp Suite 972
New Christineville, AR 38716",575,zmartinez@example.net
252,Ryan and Sons,"513 Louis Greens Suite 964
Millerland, KS 21974",879,davenportleonard@example.org
253,"Huerta, Kelly and Torres","283 Debra Road Apt. 224
North Jimmyhaven, AZ 50338",931,charles22@example.net
254,Payne Group,"4653 Ortiz Glens
West Emilybury, DE 21334",792,melissa18@example.net
255,Davis Inc,"56857 Peggy Park Apt. 383
Crossfort, VI 81610",412,michaeldavid@example.com
256,Allen-Jackson,"650 Julie Ferry Suite 298
Port Reneeside, DC 09493",969,gina93@example.org
257,"Stevens, Jones and Reed","4487 Riddle Vista Suite 181
South Elizabethburgh, CT 71579",808,amueller@example.com
258,Holmes-Johnson,"Unit 2608 Box 2826
DPO AA 41174",720,hchristensen@example.net
259,Burke PLC,"416 Hart Lights
Jonview, VA 62023",715,kristinacarroll@example.org
260,Vance-Rodriguez,"746 John Parkways Apt. 515
Lake Heather, LA 28798",624,henry42@example.org
261,"Collins, Johnson and Spencer","75310 Petty Lodge
Nelsonhaven, PR 84513",974,angelaallen@example.org
262,Glenn Inc,"267 Laurie Mews Suite 781
Snowbury, MH 68125",15,abigaildunn@example.com
263,Mann Inc,"8294 Sheppard Canyon
Kimberlyburgh, FL 31009",249,aortega@example.com
264,Meyer Ltd,"1096 Valerie Overpass
New Brittanytown, DE 89025",486,christopherlopez@example.org
265,"Silva, Williams and Curry","8118 Brian Drive
East Cassandra, NY 24666",362,norrisjeffery@example.org
266,Morales-Weaver,"05061 Reyes Club Apt. 355
West Tara, AK 69677",732,marc55@example.org
267,"Green, Marks and Olson","PSC 4698, Box 3133
APO AA 51241",252,sarah20@example.org
268,"Smith, Cuevas and Soto","77501 Benjamin Club
South Nathantown, AL 40499",807,scox@example.net
269,Delgado PLC,"9169 Jonathan Lake Suite 224
Lake Justinchester, MP 45542",197,cummingsstephanie@example.com
270,Sullivan Group,"1523 Robert Flats
New Michael, AR 94046",202,owensryan@example.net
271,"Marquez, Franklin and Flores","08084 Smith Drives Suite 758
New Joshua, WA 87594",84,jonessusan@example.org
272,Williams Ltd,"41411 Newman Junctions Apt. 814
Danielfurt, KS 70827",148,crystalvelasquez@example.org
273,Suarez Ltd,"077 Mitchell Crest Apt. 346
South Tracy, PA 33443",849,dansantos@example.net
274,Everett Ltd,"9222 Miller Mission
Donaldmouth, RI 94662",918,masonryan@example.org
275,Poole-Wood,"3080 Vincent Meadows
Johnsonmouth, MO 27986",408,richard98@example.net
276,"Deleon, Meza and Ramos","4354 Brandon Light Suite 414
Christopherland, MA 57583",553,wstevenson@example.net
277,Phillips-Garcia,"652 Martin Spur Suite 208
West George, WY 41320",681,brianschmidt@example.com
278,Adams PLC,"16523 Davis Squares Suite 896
East Raymondstad, FL 03595",467,joshuareese@example.com
279,Harrington LLC,"926 Rose Station Suite 921
Lesliemouth, SC 42656",241,rebeccastewart@example.com
280,Rice PLC,"22332 Donald Wall Suite 116
Ernestside, SC 13144",134,nmccullough@example.net
281,Williams-Bryant,"5159 Santana Gardens
Fordtown, MA 26838",973,emily38@example.org
282,"Garner, Long and Moran","411 Faulkner Knoll
Theresaburgh, WV 61412",9,ealexander@example.net
283,"Buckley, Robinson and Harvey","PSC 3227, Box 7271
APO AE 26534",55,harrisontracy@example.com
284,"Walters, Gomez and Diaz","88550 Michael Mountains
North Brittanychester, VA 42455",250,rosalestanya@example.org
285,"Smith, Goodwin and Vincent","Unit 6110 Box 4271
DPO AP 11533",459,petersonstacey@example.org
286,Bennett-Edwards,"0260 Jeffrey Shores Apt. 046
Lake David, MO 69684",272,flutz@example.net
287,Reynolds-Spencer,"43395 Robert Square Apt. 751
Davidton, OK 45333",845,jeremiah68@example.com
288,Caldwell-Weeks,"4256 Rose Underpass Apt. 436
North Patricia, AS 98540",743,emily72@example.com
289,Webb-Kirk,"84613 Mccoy Prairie Suite 524
Lake Gabriellaton, ID 24769",519,amanda51@example.net
290,"Herrera, Morgan and Adams","16931 Cooke Gateway
Port Emily, KS 12201",449,pmckenzie@example.net
291,"Stewart, Brown and Hughes","82588 Debra Views Apt. 682
Arroyohaven, NY 20475",208,jennifer35@example.net
292,Jones LLC,"31218 Brown Tunnel Suite 027
Port Jeffrey, GA 17689",900,frankjohn@example.net
293,Buchanan PLC,"85245 Hunter Light Apt. 070
Port Mariaberg, DE 82661",416,robertsmichael@example.com
294,"Livingston, Collier and Johnson","456 Sarah Glens
Port Stacy, DC 49526",350,david63@example.org
295,Oliver Group,"Unit 2510 Box 0971
DPO AP 71284",455,tonyamayo@example.net
296,Smith Ltd,"40134 Alvarez Centers
West Andrewport, IL 76604",760,ngomez@example.org
297,"Thompson, Rivera and Hubbard","79853 Lee Vista
Gravesport, FM 04998",352,perezadam@example.com
298,Howard-Robinson,"752 Green Viaduct Apt. 123
Smithmouth, SD 03786",99,claystephen@example.com
299,Collins LLC,"62764 Michael Way
East Dakota, FM 93202",495,vasquezchristopher@example.com
300,"Jacobs, Estrada and Livingston","32689 Zamora Springs
South Amanda, WV 20637",331,tguzman@example.com
301,"Moore, Mcmillan and Miller","11396 Mark Crescent Apt. 601
Port Shannonview, SC 51285",360,kathrynmooney@example.net
302,Hansen PLC,"0794 Gregory Vista Apt. 492
South Michaelstad, TX 18528",428,laura58@example.net
303,Maldonado-Clark,"79389 Jennifer Islands Suite 415
Jillview, MA 41738",179,nancy47@example.net
304,"Mercado, Munoz and Morrison","1934 Holden Oval
Sarahfurt, AK 66330",367,shahrobert@example.com
305,"Mcclure, Hill and Jennings","284 Thomas Locks
Port Erica, NE 53534",169,hwilkerson@example.com
306,"Thomas, Velez and Murphy","068 Pearson Tunnel
Lopezshire, MI 76416",726,jking@example.org
307,"Collins, Sanders and Price","9534 Matthew Plain
Lake Erinshire, CA 85617",648,wcampbell@example.com
308,Carpenter-Salinas,"35588 Ramos Course Apt. 003
New Nancy, VA 59494",891,jamesdavis@example.net
309,Robinson-Carroll,"20664 Nichols Plains Suite 557
South Jessicaton, MS 50526",28,amberchoi@example.net
310,Sweeney Ltd,"354 Miranda Viaduct Suite 714
Gonzalezburgh, MH 63392",779,dana10@example.org
311,Davis PLC,"USS Ware
FPO AA 61523",888,jessica77@example.net
312,Rodriguez LLC,"454 Alejandra Path
Katieberg, VT 98955",50,farrellbrian@example.org
313,Strong Inc,"2289 Susan Pines Suite 397
South John, MD 91696",984,janicefranklin@example.net
314,Erickson and Sons,"35751 Jessica Isle
Port Curtisfort, FM 46238",117,maddoxbrandon@example.net
315,Ford-Huber,"1308 David Shore
Lake Steven, MN 75366",689,tgarcia@example.com
316,"Thomas, Brooks and Juarez","899 Ramirez Turnpike
Rhondahaven, ME 63589",812,shawnfitzgerald@example.org
317,"Martin, Lynch and Hahn","08938 Alvarez Knolls
Jonesbury, ND 12725",270,perezmichael@example.org
318,Wright Ltd,"0243 Nash Corners
Sherryside, IA 10823",658,erindennis@example.net
319,"Mason, Sanchez and Palmer","Unit 3871 Box 7275
DPO AA 14219",161,allentina@example.com
320,Allen-Stevenson,"61047 David Turnpike Apt. 029
Jacobsshire, LA 14897",615,lawrence20@example.net
321,Giles LLC,"49168 Davenport Corner Suite 028
Palmerland, NM 82064",265,matthew91@example.com
322,"Reyes, Irwin and Graham","446 Sandra Gardens
East Christopherville, WV 58391",147,bradleykevin@example.org
323,Wilson PLC,"4721 Larson Cove Apt. 305
East Marilynburgh, WA 51017",934,tiffanyyoung@example.net
324,"Solis, Lee and Rodriguez","PSC 8796, Box 8441
APO AP 83120",784,vsmith@example.com
325,Wright LLC,"46562 Shari Centers
Moralesland, DC 69068",107,dana93@example.com
326,Bautista-Rojas,"697 James Plain Suite 752
Lake Amanda, MO 41131",40,rjones@example.org
327,"Beck, Shields and Randall","85715 Lawrence Summit Suite 525
Johnsonberg, NE 68377",979,ayoung@example.net
328,Mcintyre-King,"237 Angela Summit Suite 618
Maureenfurt, VT 52704",883,joncarroll@example.org
329,Chapman PLC,"1711 Nunez Rapid Apt. 948
Roberthaven, NV 63143",809,raymondskinner@example.org
330,Wheeler Group,"0932 Harold Court
New Brenda, AZ 47850",740,carolynmorrow@example.net
331,"Nielsen, Lowe and Anderson","6300 Brian Villages
Port James, DC 66557",823,bennettpatrick@example.org
332,Griffith-Ingram,"74705 Davis Parkways
East Aaron, WY 85546",204,deleonmichael@example.net
333,"Melton, Cline and Franco","00908 Jeremiah Summit Suite 687
Lake Elizabeth, SC 60798",490,duffyjill@example.org
334,Hunter PLC,"5840 Daniel Stream
East Katherine, NJ 81845",551,scott07@example.com
335,Green-Floyd,"508 Erika Underpass Apt. 976
Stevensonville, MA 72030",236,bakercrystal@example.com
336,Wiggins PLC,"Unit 5867 Box 7182
DPO AE 48424",202,umedina@example.com
337,Davis LLC,"912 Taylor Common
North Deborahhaven, MO 24623",775,murraykaren@example.com
338,Simmons-Moore,"143 Mccann Freeway
Christinetown, GU 15531",135,fmartin@example.org
339,"Harper, Mason and Scott","71213 Michele Extension Apt. 027
Lake Tara, FL 63776",675,briandunlap@example.com
340,Rodriguez-Lane,"855 Glass Avenue Suite 279
West Alantown, WA 73643",22,dtorres@example.com
341,"Pineda, Morris and Fisher","31431 Mark Center
Ericmouth, WA 56415",392,tammyscott@example.com
342,"Dunn, Graham and Haynes","07084 James Terrace
Murrayside, UT 15397",495,anthony07@example.org
343,"Baker, Martin and Graham","454 Amy Common
Lake Pamelastad, CO 12251",961,amandawilliams@example.org
344,Ochoa-Garcia,"076 Samantha Path
Solistown, MS 72329",11,stacysmith@example.net
345,"Patel, Gill and Branch","73135 Sanchez Crest Apt. 758
Brooksland, KY 22386",369,durhamjennifer@example.net
346,Chen and Sons,"305 Mary Route Suite 870
Jamiefort, AL 48445",806,patriciachurch@example.org
347,"Chase, Garcia and Stone","808 Erickson Glen Apt. 962
North Casey, GU 08726",810,jeremywalton@example.org
348,Gonzalez-Stephens,"1453 Victor Heights
Johnsview, CT 41788",253,nicholas73@example.net
349,"Harris, Young and Rivera","79769 Browning Summit Apt. 056
Riveraview, KY 51235",485,ericjones@example.net
350,"Mckinney, Ortiz and Jensen","93646 Norris Road Apt. 591
Richardhaven, IL 86361",896,yatesjesus@example.org
351,Smith-Smith,"3579 Cory Glens Apt. 838
East Steven, ND 17785",793,xmckenzie@example.com
352,Martinez LLC,"86007 Watkins Islands
South Shannon, FL 14412",122,zkirby@example.net
353,"Haas, Bass and Williams","008 Jonathan Motorway Suite 796
Lake Jennifer, DC 21473",207,phillipsanders@example.net
354,Allen-Patterson,"553 Allison Plain Apt. 368
Salinasberg, ME 72720",182,rosehenry@example.org
355,Webb PLC,"2328 Jorge Isle Suite 847
Jessicamouth, KY 29271",558,cole57@example.net
356,Avery LLC,"97915 John Trail Suite 380
Lake Katrina, MD 03717",172,pharper@example.com
357,"Thomas, Wilson and Marshall","29288 Kimberly Vista
Huffmanton, VI 52652",99,phamdennis@example.net
358,Martinez-Williams,"800 Barrett Court
North Michelle, MT 56050",457,gregory50@example.com
359,Cunningham-Sanders,"49267 Christine Villages Suite 902
Jennifermouth, AR 98850",602,valdezmelissa@example.net
360,Jenkins PLC,"72990 Shawn Court
Ericton, VI 48659",821,chernandez@example.net
361,"Medina, Stephenson and Marshall","8450 Alicia Green Apt. 389
Kennedyport, OK 93074",582,yhayden@example.com
362,Mahoney LLC,"748 Nguyen Isle
West Melanie, OR 96063",624,donaldpatterson@example.net
363,Johnson Group,"22512 Kimberly Groves Suite 163
Port Coreymouth, CT 98169",549,murphyveronica@example.net
364,Chang PLC,"PSC 7233, Box 5080
APO AE 95043",966,kenneth50@example.com
365,Tate-Preston,"82880 Whitney Glen
Lewisview, NC 88315",674,rosecastillo@example.org
366,"Lucas, Diaz and Ramirez","355 Wilkins Summit
Lisaberg, AZ 22892",882,kristilee@example.com
367,Coleman-Carter,"2206 Christopher Drive Suite 447
West Charles, SC 46233",545,michaelwilliams@example.org
368,"Reeves, Bentley and Jones","PSC 8192, Box 4142
APO AP 28484",463,rodneyhernandez@example.org
369,Lane Ltd,"1349 Hill Mission Apt. 647
North Cynthiatown, NE 91614",328,nathanhendrix@example.org
370,"Campbell, King and Soto","20115 Donald Light
Thomasshire, MH 94401",214,charding@example.org
371,"Smith, Taylor and Wagner","44169 Bailey Turnpike Apt. 438
Coffeymouth, HI 70890",831,cherylnelson@example.net
372,"Reyes, Velazquez and Wallace","22685 Erik Rapids Suite 042
New Haleyshire, MO 22532",451,joyce98@example.net
373,"Smith, Porter and Davis","1010 Patricia Station
East Lawrence, GA 65532",800,carrkelly@example.org
374,Macias-Waters,"1915 Riley Expressway
New Jeremiahland, OR 29056",436,bkim@example.net
375,"Reeves, Fields and Collins","309 Christy Mount Apt. 616
West Robert, NE 34773",268,michealmassey@example.net
376,"Davis, Murphy and Jones","859 Phillips Drive
East Taylor, AZ 73066",917,warrendeborah@example.com
377,Davis-Payne,"22220 Shane Trafficway
Lukeside, KY 17205",2,thomas47@example.com
378,"Mason, Parker and Diaz","84421 Wood Point Suite 500
Christineport, OH 29021",509,jessesmith@example.net
379,Mclaughlin PLC,"99688 Rhonda Place Apt. 341
Lake William, TX 47533",482,xgreen@example.net
380,"Jacobs, Stewart and Allen","632 Sweeney Orchard Apt. 547
South Meganshire, PR 88748",964,susan53@example.org
381,Rivera LLC,"8401 Jasmin Mall
Port Calvin, MN 95136",130,michelle19@example.net
382,Sims-Valencia,"479 Mercado Rest
New Antonio, PW 32030",243,bgonzalez@example.org
383,"Brown, Wilkerson and Brown","8206 Daniel Stravenue
New Angelatown, HI 91671",967,zsilva@example.net
384,Guzman Inc,"USNV Rodriguez
FPO AE 34348",194,scott75@example.com
385,"Adkins, Hernandez and Higgins","Unit 5033 Box 6523
DPO AA 22867",345,lloydcharles@example.com
386,Daniels-Howard,"00809 John Ports Apt. 086
Strongside, GA 57644",576,glassjacob@example.org
387,Smith Group,"USNS Taylor
FPO AA 78265",346,baileycooper@example.com
388,Williams-Williams,"71246 Love Hills
New Judybury, NV 82632",417,vincent88@example.com
389,Powell-Francis,"06320 Wilson Camp
Kellyburgh, NV 86633",68,jenkinsadam@example.org
390,"Whitney, Bennett and Young","0843 Heather Port
Matthewhaven, WA 21013",789,twright@example.org
391,Meyer LLC,"USNV Stevens
FPO AE 09227",2,joemartin@example.com
392,Smith-Wright,"81370 Schultz Rapid Suite 881
Port Christinemouth, FM 99799",611,michael83@example.net
393,"Boyer, Estrada and Sanchez","0184 David Plaza Suite 270
Robertstad, MT 35228",142,gmeyer@example.org
394,Ramirez Inc,"8017 Juarez Hollow Apt. 488
New Sean, AS 09338",204,bethany69@example.net
395,Lopez-Johnson,"8725 Tyler Circles Apt. 108
Lake Amanda, AR 75813",952,jordan58@example.net
396,Sexton Inc,"59195 Wilson Coves Suite 714
New Andrewchester, OH 13943",55,johnsonstephen@example.com
397,"Wood, Carr and Crawford","0383 Nicole Centers
Williamshaven, PW 72815",5,sergio00@example.org
398,"Peters, Snow and Mooney","732 Dustin Cliff Suite 721
West Haileyview, MP 61378",641,josephbarton@example.net
399,"Glover, Duncan and Armstrong","USNS Garcia
FPO AA 31361",702,annewilliams@example.com
400,Williams Group,"95758 Short Mission
Hensleyborough, ME 92690",934,flemingmarco@example.com
401,Walker-Romero,"1882 Cohen Alley Suite 935
Port Stephanieland, NM 42699",185,kelsey92@example.com
402,Martinez Inc,"271 Burns Haven
New Benjamin, DC 68882",627,megancook@example.net
403,Potter Ltd,"8334 Turner Wells Apt. 277
Katelynchester, TN 86786",393,chapmanlisa@example.org
404,Thompson LLC,"4154 Bryan Street Apt. 800
Moonside, WV 47833",128,howardalicia@example.net
405,"Buckley, Jackson and Jefferson","852 David Lake Apt. 649
South Victoria, GU 08311",473,james80@example.com
406,"Marks, Thompson and Acosta","9145 Pearson Lodge Apt. 250
Lake Craigborough, GU 42647",789,ashley15@example.net
407,Williams-Shaw,"38707 James Park
Yvonnehaven, CA 94723",598,lparker@example.com
408,Barrett-Brown,"99774 Tracey Light Apt. 854
New Lisaborough, NJ 86863",105,stacy10@example.org
409,"Lee, Rice and Vazquez","4592 Sarah Springs Apt. 847
Riceton, SC 27111",153,joseph78@example.net
410,Mcgee-Arias,"59512 Anthony Circles Apt. 948
Aaronbury, NH 20798",189,benjamin06@example.com
411,Schmidt PLC,"PSC 0518, Box 1011
APO AE 64282",40,brendasmith@example.com
412,Calderon-Knight,"85185 Peterson Stravenue
East Marialand, DC 25728",838,steven28@example.org
413,Wade and Sons,"211 Brown Stravenue
Lisamouth, VT 18050",714,jonathanryan@example.org
414,Scott-Berry,"720 Arnold Forges Suite 804
Melindafurt, MS 97692",249,zachary95@example.org
415,"Wise, Farrell and Jones","9145 Catherine Greens Apt. 998
East Stephenbury, PA 82826",929,brian29@example.org
416,"Barnett, Salazar and Williams","60934 Beth Extensions
Samuelhaven, GA 53030",199,john34@example.net
417,Wise-Schneider,"PSC 3278, Box 5925
APO AP 32006",495,patrickkaren@example.net
418,"Grant, Williams and Davis","84934 Jerry Street
Delacruzstad, MI 21388",165,michaelmcclure@example.net
419,Choi Ltd,"13785 Charles Port
East Ronaldview, AZ 85839",386,richard13@example.com
420,Rodriguez Group,"56180 Aaron Mill Suite 808
Jamesborough, NH 14670",927,tmarsh@example.net
421,Bowen Group,"62784 Brett Freeway Suite 722
Katherineport, IA 01795",629,agentry@example.org
422,Cooper-Willis,"8207 Buck Drive Apt. 949
Karenborough, MH 58138",132,njones@example.net
423,Williams-Mullins,"8122 Johnson Falls
Bakerland, ID 65164",818,jmckinney@example.org
424,James-Moreno,"PSC 5744, Box 9541
APO AP 35668",391,gracepierce@example.com
425,Kaufman and Sons,"174 Garcia Estates Suite 106
North Lisa, AK 13011",604,porterbriana@example.com
426,Greene-Smith,"3770 Kelly View
Virginiatown, AK 73249",394,jason41@example.net
427,Little Group,"212 Michelle Center
New Brettberg, WV 86052",870,robertmartinez@example.net
428,"Walsh, Grant and Weber","294 William Points
Malloryhaven, DC 87255",136,melanie10@example.com
429,Gallagher-Rubio,"64847 Jim Flat Apt. 317
Taylormouth, CT 73872",918,dhinton@example.net
430,"Novak, Floyd and Park","37842 Dodson Inlet Apt. 692
Glenport, MO 15923",723,tylerpark@example.net
431,Vasquez Ltd,"5159 Laura Mission
Waterstown, IL 95913",500,lambdebra@example.com
432,Maxwell-Sanchez,"45889 Willie Island
Randystad, CT 35935",451,ianphillips@example.org
433,Lucas Group,"65629 Jacqueline Loop Suite 600
New Crystal, OR 08397",720,oallen@example.org
434,"Stewart, Morales and Hampton","87427 Michelle Centers Suite 458
West Coreybury, GA 86028",53,lori49@example.net
435,Williams PLC,"7328 Weiss Landing
South Haleyborough, MP 07630",523,stephanieball@example.net
436,Gibbs and Sons,"2369 Wong Valleys Suite 931
South Daniel, NY 04374",599,veronicagaines@example.org
437,"Evans, Moore and Durham","616 Brooks Lock Suite 200
Austinhaven, MO 80524",240,samantha11@example.net
438,"Carter, Franklin and Ramos","71609 Smith Estate
Osborneshire, DC 84851",923,ryan95@example.com
439,Roberts-Hopkins,"6540 Williams Streets Apt. 791
Robinview, RI 28566",343,gonzalezgary@example.org
440,"Frank, Beasley and Reyes","6533 Morris Canyon
West Christianport, MO 36762",364,gilberthannah@example.net
441,"Harris, Simon and Johnson","738 Moore Shores
South Justinburgh, MH 12649",436,sullivankyle@example.com
442,Clark-Thomas,"316 Crystal Parkway Suite 315
East Lisashire, MH 54569",701,angelajones@example.org
443,Beck LLC,"90853 Thompson Courts Suite 895
Port Samantha, ME 21421",623,gaycynthia@example.com
444,"Johnson, Jones and Haynes","14158 Lara Forge Suite 628
Feliciaport, AZ 81040",398,jennifer16@example.net
445,"Taylor, Mcconnell and Brown","06457 Louis Curve Apt. 461
South Rickeytown, DE 20060",233,fweiss@example.com
446,Decker-Pearson,"38275 Jacobs Overpass
Garciashire, AL 47025",747,jbarker@example.com
447,"Carpenter, Small and White","PSC 8121, Box 5002
APO AA 14799",428,andrew82@example.org
448,Ortiz Inc,"6996 Todd Stream Apt. 036
Ortiztown, ID 26403",255,judithhall@example.com
449,Bennett and Sons,"8326 Schneider Cliff Apt. 613
Brandimouth, NC 62367",898,bbrown@example.org
450,Martin and Sons,"0455 Danielle Islands
Frankchester, WI 03943",781,eric16@example.net
451,Alvarez Ltd,"59338 Kent Lodge Apt. 013
East Kylieborough, DE 84365",331,bwilliams@example.com
452,"Velez, Dominguez and Murphy","4433 Christopher Drive Apt. 155
New Maryfurt, AS 75324",481,wangdanielle@example.com
453,Blake Group,"384 Deborah Spurs
Moorebury, WY 18910",469,jamesmurphy@example.net
454,Allen LLC,"81800 Jeffrey Mountain Apt. 231
Michelleburgh, VA 96013",686,osexton@example.org
455,"Beltran, Phillips and Mendoza","PSC 9518, Box 4280
APO AP 21069",145,smithjake@example.com
456,Gordon-Yates,"832 Barrera Locks
Villarrealbury, MD 74459",27,gary49@example.net
457,"Hurst, Berry and Mitchell","8664 Sarah Junctions Apt. 466
Larrymouth, MH 82573",756,alvarezbenjamin@example.com
458,King LLC,"PSC 5855, Box 1087
APO AA 62775",996,xsmith@example.com
459,Contreras-Brown,"64849 Rebecca Club Apt. 968
West Ronaldmouth, MH 82117",995,prattronald@example.org
460,Glover-Gonzalez,"6594 Katelyn Crossroad Suite 073
Stevensview, NH 81648",68,sanchezjeffrey@example.com
461,Bullock and Sons,"00555 Jackson Fords Apt. 063
Port Jasonton, WY 57902",266,gloverangela@example.org
462,Ho-Avila,"5700 Powers Court
Stephanietown, CO 51952",65,ypham@example.net
463,"Gutierrez, Gonzalez and Turner","58413 Stacey Plaza Apt. 439
Travisport, CT 38186",996,tdudley@example.com
464,"Russell, Allen and Evans","71455 Richardson Mills
East Jacob, NY 08648",534,marc44@example.com
465,Aguilar Ltd,"00077 Cook Fort Suite 954
Rodriguezmouth, LA 36119",292,padillanancy@example.org
466,Flores-Miller,"36161 Scott Bypass
North Erikshire, NV 60466",468,kristen92@example.com
467,Obrien-Marquez,"972 Rogers Canyon
Wilsonborough, SC 11062",674,kimberlychan@example.org
468,Stewart LLC,"44863 Paul Prairie
Ayalaville, VA 38504",37,samanthalozano@example.com
469,"Jenkins, Tucker and Harrison","011 Misty Extension Suite 691
Williamsonhaven, FL 02431",879,moralesedward@example.com
470,Wright Ltd,"0787 Henderson Tunnel
South Jamiemouth, MI 48560",443,tammy37@example.com
471,Hughes-Scott,"7383 Campbell Dale Apt. 569
West Kathleenchester, SC 55307",4,flynnshawn@example.net
472,Robbins-Nelson,"PSC 2903, Box 5162
APO AE 30360",796,deborahjackson@example.net
473,"Jackson, Conley and Smith","206 Melanie Key
Danielton, WV 12093",268,perezkara@example.com
474,Freeman-Reyes,"4203 Smith Passage Suite 184
Sheppardfurt, FM 79801",803,davisbrianna@example.org
475,Grant-Brady,"523 Gross Village Apt. 160
Michaelstad, PR 44790",873,taylormorrow@example.com
476,Moore-Hall,"3713 Robertson Mill
Mooreburgh, MT 40907",374,amy72@example.net
477,Martin-Barker,"39837 Douglas Neck Suite 545
New Nicoleburgh, NJ 39969",239,daniel03@example.com
478,Davis-Mcgrath,"968 Ramirez Prairie
South Douglasland, WI 74915",980,eduardo54@example.net
479,"Martinez, Warner and Anthony","29487 Arnold Lakes
Port Anthonyhaven, CO 42978",600,sherry13@example.org
480,"Moore, Flores and Craig","40545 Candace Harbor
West Christopherland, IA 82863",757,chad89@example.com
481,Williams-Edwards,"40873 Matthews Rapid
East Erictown, AL 55135",610,alexanderjohnson@example.net
482,Nguyen LLC,"77271 Pham Junction Suite 426
West Ginafort, HI 56137",43,clifford14@example.net
483,Carter-Baker,"USCGC Collins
FPO AA 43375",552,taylordavidson@example.com
484,"Carlson, Davidson and Bean","5118 Diaz Ferry Apt. 452
Amandaton, ND 77509",408,johnreed@example.net
485,Graham-Tucker,"882 Amy Cove Suite 717
Schmidtberg, OK 31300",94,julie54@example.org
486,"Scott, King and Morrison","209 Parker Street
New Charleschester, AR 86206",530,shieldspaula@example.org
487,Garcia-Smith,"19162 Ronnie Terrace Apt. 924
Port Richardfurt, KS 75176",421,margaretsmith@example.com
488,Russell Group,"486 Eric Plains Suite 413
Brandontown, NJ 85592",927,lcunningham@example.com
489,Day PLC,"Unit 2411 Box 9006
DPO AA 98478",40,wyattrachel@example.net
490,"Diaz, Blackwell and Clark","483 Amber Plains
Williamsberg, VT 91017",679,moyermichael@example.net
491,Webb Inc,"37152 Riley Port
West Susan, PR 72133",951,david61@example.com
492,Neal-Middleton,"349 Cheyenne Spurs
Josephmouth, MD 94730",333,qcollins@example.org
493,Nguyen and Sons,"096 Claire Pines
Karifort, HI 38333",266,uyoung@example.net
494,Norman and Sons,"93583 Rodriguez Heights
Lake Stephenland, HI 83222",385,williamwhite@example.net
495,Molina Inc,"949 Cochran Port Apt. 104
Danielville, SD 22185",743,hunternelson@example.net
496,Williams-Walsh,"7146 Garcia Views Suite 687
New Jessica, ME 46585",9,lsims@example.com
497,Wright Group,"85319 Christina Lane Apt. 504
Lisamouth, LA 23377",347,johnsonmark@example.org
498,Hester-Andrade,"973 Pena Forges Suite 614
Margaretland, FL 69901",269,dawn71@example.org
499,Gomez Inc,"378 Castaneda Well Apt. 646
West Kathrynside, GA 09881",470,rebecca51@example.com
500,Friedman-Smith,"5321 Riddle Stravenue
Port Alicia, UT 67258",956,phelpsmatthew@example.org
501,Rhodes Inc,"746 Smith Ferry
Port Casey, CA 92128",246,andersonmichelle@example.org
502,"Edwards, Fowler and Perez","983 Anthony Rapid Suite 952
North Joychester, ID 36227",705,kennethgraves@example.net
503,Goodman-Sexton,"896 Byrd Light Suite 448
West Renee, NJ 88898",249,knelson@example.net
504,"Ballard, Ayers and Wright","936 Davis Forges
Roseside, MS 45339",912,william91@example.org
505,Barton-Martinez,"77902 Christopher Station
Garciabury, NM 93547",347,qduran@example.net
506,"Lawrence, Chavez and Martinez","1269 Holden Manors Suite 384
Lake Joseph, IN 84102",985,peggytaylor@example.com
507,Mason-Gonzales,"66976 Garcia Rapid
North Bobside, OR 70558",971,joel57@example.com
508,"Lynch, Burns and Khan","92467 Melissa Brooks Suite 925
North Cassandrahaven, AR 93454",945,williamsemma@example.org
509,Simmons-Watts,"USNV Williams
FPO AA 71895",335,chadwillis@example.net
510,Reynolds-Everett,"913 Benjamin Landing
North Tiffany, ID 97780",454,baldwinricky@example.net
511,Roach Group,"028 Crane Flat Suite 085
West Johnville, AZ 97352",581,matthewwagner@example.com
512,"Frederick, Brewer and Gonzalez","6590 Bryant Wells Suite 125
West Joseph, VI 82725",383,garyjohnson@example.org
513,Lambert-Bryan,"691 Ronald Spurs Suite 058
Clarkeview, FM 71232",858,aroman@example.org
514,Foster-Daniel,"639 Andre Key
Bakerhaven, IA 03584",222,nicholsdeanna@example.org
515,Adams-Martin,"30883 Williams Isle
Saraburgh, MP 47512",279,weberchristine@example.com
516,Smith PLC,"5841 Stark View
Lake Shannon, AR 79605",836,annegarcia@example.net
517,Johnson-Anderson,"00057 Katie Terrace
East Robertfort, NE 14012",424,wendylewis@example.net
518,"Rush, Evans and Ramos","63134 Kristen Tunnel Apt. 814
Evansberg, DC 24646",901,eharrington@example.net
519,"Dougherty, Wagner and Olson","29598 Robinson Place
East Jenniferhaven, AK 25458",519,rachelhardin@example.org
520,"Harris, Thompson and Barajas","86127 Peterson Spring Apt. 285
Port Victoria, MS 65944",185,xwilliams@example.net
521,Barnes Ltd,"USNS Roberts
FPO AE 25025",296,robertvega@example.net
522,Greene Group,"255 Padilla Flats Suite 990
Cuevaston, NE 99950",519,weeksjay@example.com
523,Hayes-Hammond,"83291 Sara Track
Stephanieshire, VI 42844",830,kmcclain@example.com
524,Williams Group,"76363 Deanna Fork
Yorkfort, NJ 09543",392,lwilliams@example.com
525,Henry-Summers,"478 Alicia Walks Apt. 159
Lindahaven, CO 13166",434,scott59@example.org
526,Deleon and Sons,"36090 Zachary Falls Suite 886
Lake Nathan, DC 03500",820,vcalderon@example.org
527,Nielsen-Clark,"6360 Randolph Keys
Leberg, IA 44362",674,chrisbryant@example.net
528,Duncan-Pearson,"909 Stevens Parks
Toddborough, MH 85923",428,mooneywilliam@example.org
529,Gonzalez-Fields,"33821 Garrett Fork Suite 341
Millerchester, PA 02067",234,michael39@example.org
530,Hayes and Sons,"76184 Joseph Ferry Suite 543
West Melissaberg, MO 38834",849,rcoleman@example.com
531,"Macias, Solis and Lynch","978 Stephanie Prairie Suite 686
Port Teresa, NJ 34313",706,fhernandez@example.net
532,Rasmussen-Matthews,"92503 Christopher Brooks
Johnstonmouth, DC 19841",378,hollyferguson@example.com
533,Lang-Lee,"9278 Jessica Glens Suite 482
East Gwendolyn, NY 91114",930,tonyamorris@example.com
534,Johnson-Mcdowell,"139 Edward Passage
Jonathanhaven, IN 92741",626,tadams@example.net
535,"Cummings, Kelly and Davis","PSC 9335, Box 5197
APO AE 46747",261,xhowell@example.net
536,"Sanchez, Carter and Estrada","93389 Noble Camp
Matthewchester, WY 47470",562,vbarker@example.com
537,Crawford-Garcia,"92083 Rodriguez Square Suite 213
Dukeside, MN 25551",314,tmartin@example.org
538,"Walter, Moran and Adams","41374 Carpenter Turnpike Suite 662
West Susanberg, PW 99510",460,beverlyjohnson@example.com
539,Zimmerman LLC,"7394 Johnson Garden
Robertchester, MS 62668",224,johnramos@example.org
540,"Carr, Pena and Pearson","3500 Alexandra Forge
Raytown, MI 19955",886,karina67@example.net
541,Johnson and Sons,"9488 Copeland Via Apt. 639
Adamhaven, CO 04531",993,aswanson@example.com
542,"Riley, Moody and Garza","38761 Smith Freeway
Diazchester, MA 73311",872,garrettrobert@example.com
543,"Gomez, Torres and Brown","06939 Duncan Plaza
Clineview, MO 27175",461,michael89@example.org
544,Dougherty and Sons,"PSC 7311, Box 2757
APO AP 42371",704,lesliehenry@example.net
545,"Young, Bell and Miller","68014 Waller Plaza
Davidfurt, PR 17809",464,brandon53@example.com
546,Lawson Ltd,"17497 Dodson Locks Apt. 473
Combstown, VI 60830",54,christopher19@example.org
547,"Ortiz, Fox and Henry","887 Anthony Camp
South Calebville, UT 54879",759,rebecca76@example.com
548,Johnson Group,"90465 Matthew Plains Apt. 535
Thomasport, OH 52649",783,williamrobinson@example.com
549,"Owen, Gates and Mccormick","431 Chapman Key
Cynthiaburgh, TX 86160",557,deborahhill@example.net
550,"Booth, Roman and Rose","313 Huffman Road
South Lukechester, VA 70873",468,mbutler@example.com
551,"Williams, Thompson and Price","445 Kelly Route
Arielstad, DE 62422",152,abanks@example.com
552,Gomez-Mcbride,"Unit 2864 Box 9211
DPO AA 58244",551,lisa38@example.com
553,"Crawford, Ward and Price","991 Young Underpass Suite 340
Hillmouth, PA 15701",244,jenniferwatson@example.org
554,Serrano-Evans,"1157 Waters Extension
Port Perrytown, IA 15847",338,belindadavis@example.com
555,Carey LLC,"84284 Pham Estates
Paulstad, VT 94306",416,nicholascabrera@example.org
556,"Perry, Johnson and Salazar","09068 Mary Landing Suite 590
Lake Daryl, PA 96311",156,martinnovak@example.org
557,"Baldwin, Green and Brown","2121 Smith Tunnel Apt. 851
South Michelle, AK 43454",248,cynthia37@example.net
558,Knight-Washington,"079 James Islands
Pattersonburgh, OR 37682",158,xsanchez@example.org
559,Smith Inc,"765 Kristin Rest Apt. 789
Thorntontown, MO 62887",536,michelle47@example.com
560,Thompson-Sherman,"71298 Armstrong Village
New Josephbury, OR 75956",804,dwright@example.org
561,Clark-Atkinson,"4241 Brian Points Suite 997
Vazquezstad, PW 14597",903,jeffrey27@example.net
562,"Cook, Romero and Johnson","3142 Henderson Gardens
Smithtown, AR 21088",731,ijuarez@example.com
563,Campbell Group,"46139 Susan Forge Apt. 485
Lake Robert, NY 41752",582,elopez@example.org
564,Gamble-Madden,"6572 Mary Extensions
Port Stanley, ME 73524",707,ggonzalez@example.org
565,Reyes-Mercer,"21555 Sara Lodge Apt. 854
Joannaland, WA 85620",829,justin87@example.org
566,Richardson-Williams,"625 Wade Port
New Karen, MP 41703",508,jacqueline22@example.com
567,"Le, Branch and Vance","048 Brown Ports
Martinezport, PW 36188",487,carolynhayes@example.org
568,"Smith, Ross and Burton","Unit 4870 Box 2235
DPO AP 86932",465,taylor76@example.com
569,Maxwell-Hanna,"194 Laura Highway Apt. 374
Valerietown, VI 92701",641,lindagutierrez@example.com
570,"Phillips, Smith and Hamilton","325 Rivera Mall Apt. 074
Dakotaside, AR 39658",614,kellykathryn@example.net
571,Allen and Sons,"26608 Walton Well Suite 636
Lake Williammouth, NC 88878",712,johnmiller@example.org
572,Whitehead-Riley,"544 Michael Light
Michaelfurt, OH 07335",486,erikbrown@example.com
573,"Black, Padilla and Oneal","92083 Flores Heights Apt. 376
North Rebecca, PR 45432",609,martinezrichard@example.com
574,Gonzalez-Davis,"Unit 7738 Box 3116
DPO AA 57808",162,marcus48@example.com
575,"Taylor, Clarke and Garrett","8970 Robert Turnpike Suite 475
Josebury, TX 16662",699,dominique49@example.net
576,"Jones, Miller and Clark","754 Gonzalez Key
Port Collin, KS 35909",207,ogarrett@example.org
577,Rich Inc,"678 Watson Squares
Smithfort, PA 07478",155,amycruz@example.com
578,"Collins, Martinez and Jones","Unit 2404 Box 4601
DPO AE 76478",323,tannerlarry@example.org
579,David-Moreno,"9827 Daniel Neck Suite 114
Nicolefurt, PA 37831",989,xgomez@example.org
580,Bennett Inc,"USNV Valenzuela
FPO AA 64421",272,sarah71@example.net
581,"Smith, Smith and Jackson","1984 Joe Port
South Thomas, WV 96340",464,austinstone@example.org
582,Knight-Smith,"734 Hendrix Cliff
West Steven, IL 88305",302,kimberlymcconnell@example.com
583,Baker Group,"5498 Wright Crossroad
Sarastad, CO 08934",588,johnleonard@example.com
584,Watts Group,"6632 Hobbs Oval Suite 168
Greenborough, OH 21426",325,ashley26@example.org
585,Garcia PLC,"868 Coleman Ports
East Casey, FM 92252",32,blaircassidy@example.com
586,Richards PLC,"514 William Ports
East Paul, MO 41491",114,richardsonrobin@example.org
587,Miller Inc,"430 Matthew Stravenue Suite 087
South Katie, MS 92892",519,sgarcia@example.com
588,"Matthews, Newman and Mason","506 Christina Fall Apt. 046
Amberland, OK 14699",980,taylordeborah@example.com
589,"Holland, Taylor and Schmidt","11772 Mcclain Islands Apt. 018
Lake Jacobbury, NY 83122",507,lvasquez@example.org
590,"Martinez, Lara and Jenkins","Unit 8881 Box 6062
DPO AP 51006",46,sbrown@example.net
591,Lewis-Phelps,"912 Charles Lights Suite 779
Banksville, WI 03796",799,whitejennifer@example.org
592,Moore LLC,"7786 Poole Rapid
Montgomeryport, ND 65836",532,fmccullough@example.com
593,"Smith, Flores and Miller","75441 Jonathan Parkways
New Ronaldfort, KS 12148",247,melissa91@example.org
594,Burns-Nelson,"33597 Erin Lane
North Sharon, VI 09996",327,lsanchez@example.com
595,"Berry, Mitchell and Rowe","636 Melissa Via
West Wendy, NH 50766",285,jamesmeyer@example.com
596,"Gillespie, Smith and Maldonado","6695 Teresa Mountains
New Heather, MT 36384",393,walkerdonald@example.net
597,"Escobar, Wyatt and Lee","84275 Mitchell River
Toniborough, PA 71082",683,greenkerry@example.net
598,"Snow, Coleman and Wilson","36147 Amber Throughway Apt. 686
Jonesbury, NY 15411",862,tina88@example.net
599,Matthews-Smith,"417 Stuart Plain
South Jefferyfurt, OH 21478",947,fashley@example.com
600,Warner Inc,"0002 Shields Radial
Wintersberg, MT 08984",468,kimberlywillis@example.org
601,"Hernandez, Howell and Pearson","877 Nelson Highway Apt. 712
Ritaside, OR 97777",523,batesrobert@example.org
602,King LLC,"222 Alan Parkways Apt. 503
Whitakerhaven, HI 44132",871,currylisa@example.net
603,Bush-Strong,"13865 John Tunnel
North Albert, VT 35872",506,melanieshannon@example.org
604,"Brown, Martinez and Johnson","8363 Shea Locks Suite 948
Joneston, TN 89400",349,escobarjoshua@example.net
605,Baker LLC,"9154 Richard Views
West Cynthia, WI 84128",53,amy87@example.com
606,"Rose, Wilson and Holden","0476 Smith View Suite 786
Gilbertshire, IN 19587",428,ntaylor@example.net
607,"Harmon, Spence and Cochran","PSC 4847, Box 9145
APO AP 01765",105,xgonzales@example.net
608,"Davis, Cooper and Myers","20159 Walker Flat Apt. 375
Brandonport, NJ 64982",302,jennahopkins@example.net
609,"Bass, Webster and Lee","3498 Choi Centers Apt. 118
Rollinsfurt, NY 57615",536,rebeccadonovan@example.net
610,Fernandez LLC,"90132 Chan Club
Erinfort, ND 45672",142,michelle03@example.net
611,Clark LLC,"4849 John Track Apt. 355
Lake David, NC 90546",804,bwatson@example.org
612,Robertson LLC,"4838 Johnson Hill
Lake Hannahberg, TN 06211",114,wbridges@example.org
613,"Landry, Davis and Armstrong","6912 Soto Course
Kirbyshire, MD 35067",719,toddbuchanan@example.com
614,Brown-Hughes,"98383 Leah Parks
Lake Timothy, HI 81121",771,fletchermichele@example.net
615,King Group,"USCGC Hall
FPO AE 17862",929,qthomas@example.net
616,"Rhodes, Grant and Knight","530 Washington Circles Suite 836
Alyssatown, AK 27202",408,lauraglass@example.com
617,Reed-Trujillo,"4121 Jessica Locks
East Sarah, UT 62074",829,rogersjasmine@example.com
618,Jones-Brown,"USS Fox
FPO AP 86295",749,perrychristopher@example.org
619,Anderson PLC,"PSC 3180, Box 8533
APO AE 88915",690,fernandezmark@example.com
620,Fleming-Parker,"Unit 8549 Box 4169
DPO AP 50254",923,johnbeard@example.com
621,Chang Ltd,"5397 Charles Mill
Kellyfurt, HI 05727",318,sanchezcatherine@example.com
622,White-Johnson,"953 Frank Brooks
Esparzashire, SD 99603",13,shendricks@example.net
623,Jordan-Vargas,"8991 Garrett Prairie Apt. 907
Alyssaview, AR 59552",106,xmacdonald@example.net
624,Moore and Sons,"406 Livingston Island Apt. 653
Port Anthonyborough, KY 86885",673,idixon@example.net
625,Vega-Walton,"6789 Zoe View Apt. 538
Mcdonaldchester, ID 70666",577,qhumphrey@example.com
626,Alvarez-Ponce,"5021 Williams Mountain Suite 106
Rodneyberg, TN 46431",226,xpierce@example.com
627,Gardner PLC,"256 Zachary Stravenue
Robertport, SC 08007",35,cummingssherri@example.com
628,"Barnes, Perez and Thomas","3298 Kramer Wall
Herringhaven, OH 41450",419,deborah16@example.net
629,"Hall, Porter and Nicholson","04682 Adkins Station
Port Jesusville, NH 85896",770,nicholas68@example.net
630,Cortez-Graves,"0547 Michelle Lane
South Eileenview, SD 50820",448,justinhenry@example.net
631,Mata Inc,"29198 Larson Crest Apt. 249
West Edwardbury, AR 15983",605,nmullins@example.com
632,Andersen-Valenzuela,"70742 Glover Turnpike
West Corey, DC 49698",334,martinpaul@example.org
633,Hubbard-Smith,"4208 Holt Alley
West Madison, AS 78156",267,brownelizabeth@example.com
634,Mayer-Hunter,"115 Fox Lakes
Harrisland, MN 59703",392,garias@example.org
635,Small Inc,"8085 Taylor Spring
Thompsonberg, ND 84790",136,ivan98@example.org
636,Phillips Group,"121 Susan Walk
South Brandon, OK 63477",288,ohinton@example.org
637,"Lee, Lowery and Knapp","8339 Young Alley Suite 608
Lake Tammy, GA 90379",387,dennislarson@example.net
638,"Martin, Carter and Fischer","58900 Gary Port Apt. 736
Jasminport, MS 64832",121,kimberlysoto@example.com
639,Cox and Sons,"02272 Blanchard Prairie Apt. 228
Rodriguezside, WI 69463",567,williampace@example.net
640,Poole Ltd,"480 Pamela Pines Apt. 663
New Johnside, ME 95227",969,brucemarie@example.org
641,"Bradshaw, Reynolds and Boyd","00365 Strong Forge
Floresbury, NM 26208",31,kathy69@example.org
642,Serrano-Murphy,"7924 Howell Inlet Apt. 558
Brownshire, MI 80156",435,brittany99@example.net
643,Calhoun-Taylor,"59073 Lopez Court
Port Samantha, PW 78449",458,changjessica@example.org
644,"Baldwin, Juarez and Salazar","0775 Brown Common
Coxchester, WI 83269",536,millerandrew@example.org
645,"Allen, Thornton and Estrada","4805 Daniel Squares Apt. 270
North Todd, GA 85973",743,brandisimon@example.org
646,Snyder and Sons,"5977 Powers Place Suite 921
South Robertchester, AL 29695",820,christinathompson@example.net
647,Bailey Ltd,"65278 Burgess Knolls
South Tracy, DE 64778",868,kevin43@example.org
648,Figueroa Group,"9905 Peters Lane Apt. 078
Lake Molly, UT 41940",448,foxbill@example.org
649,"Smith, Duran and Williams","6979 Gail Underpass Suite 598
Nashhaven, NV 76010",920,freemanjane@example.org
650,Flores Ltd,"625 Margaret Ridges Suite 931
Port Anthony, VI 15255",44,amiranda@example.org
651,Young Inc,"330 Willis Parks
Lake Frank, CO 74156",173,manuelrodriguez@example.com
652,Green PLC,"9817 Lamb Coves Apt. 073
Port Jasonside, ME 53902",494,ronaldhall@example.org
653,"Pineda, Hanson and Obrien","27406 Charles Avenue Suite 474
West Wayne, MS 78680",962,christina53@example.com
654,King LLC,"3149 Foley Squares
Walterport, NJ 25944",575,qrobinson@example.net
655,Howard and Sons,"USNS Conway
FPO AP 51611",457,williamsmartha@example.org
656,"Novak, Vaughan and Young","44342 Kayla Rapid
Lisatown, PW 86726",827,powellronald@example.com
657,"Roberts, Smith and Collins","268 Kayla Inlet
West John, MN 15945",502,tracyharris@example.net
658,Johnson-Miller,"6828 Vanessa Street
East Lisa, UT 76758",520,aguirremelissa@example.org
659,"Ford, Johnston and Baker","04150 Cynthia Oval
West Michael, PW 04353",212,jenniferhamilton@example.org
660,Aguilar LLC,"7100 Stewart Trace Apt. 933
East Richardview, MN 37959",643,lopezjill@example.org
661,Mata-Taylor,"40904 Marquez Square
Stanleyton, IA 32291",246,dalton89@example.net
662,Harris PLC,"94628 April Locks
Grahamhaven, LA 15697",897,troybrown@example.org
663,Mayo-Burgess,"058 Abbott Court
Kellyport, DC 13765",809,lmyers@example.com
664,Barajas PLC,"6582 Johnson Oval Suite 459
Port Stephen, AS 76740",301,markhenry@example.net
665,Stevens and Sons,"395 Debbie Islands
New Tracyville, NY 29557",367,darrenstevenson@example.org
666,"Erickson, Andrews and Anderson","1418 Joseph Route
Tracyfort, IA 32671",954,swansonjacob@example.com
667,Wilson Inc,"58865 Monica Club
North Dominiqueland, AL 05875",253,coxernest@example.com
668,"Moss, Braun and Davis","671 Logan Lodge
Warrenburgh, AR 17163",671,ebrown@example.com
669,Blevins LLC,"1086 Brown Pine
Briantown, MH 85897",386,cfisher@example.org
670,Jimenez and Sons,"21272 Wagner View Suite 640
Anthonyborough, MI 11724",305,stevensmith@example.com
671,"Garcia, Woodard and Dudley","Unit 2160 Box 7726
DPO AE 40449",663,agreen@example.com
672,Mills-Stokes,"Unit 6694 Box 5509
DPO AA 06877",318,annettefreeman@example.org
673,"Martin, Fletcher and Gould","934 Rachael Shoal
Michaelfurt, GA 86012",895,markmartin@example.org
674,Terry and Sons,"PSC 9119, Box 1361
APO AA 25152",482,teresajones@example.com
675,"Rodriguez, Williams and Hurley","299 Desiree Stravenue Suite 467
Aaronfurt, CT 33773",658,hayesmelissa@example.net
676,Frost-Gibson,"5965 Anthony Branch
Rhondaport, IL 48111",398,julie80@example.com
677,Lee-Flores,"145 Trevor Unions Suite 149
Lake Jessica, MS 05775",497,joycewalker@example.com
678,"Bennett, Terrell and Jimenez","81808 Weber Viaduct Suite 859
Williamberg, FM 60768",739,olivia74@example.org
679,"Andrews, Rasmussen and Jacobson","20033 Gary Crescent
West Michael, AZ 58471",389,kjackson@example.net
680,Pena Inc,"2094 Kirk Court Suite 013
New Max, KS 13875",537,barbarafitzpatrick@example.net
681,"Robertson, Perry and Perez","3670 Kimberly Grove
Parkshaven, NH 67960",848,lewisterri@example.net
682,"Mooney, Martinez and Gibson","12642 Weber Expressway
Rebeccaland, NM 91377",432,adamsalicia@example.org
683,Jimenez PLC,"30137 Allen Hollow
North Madisonmouth, NY 23439",608,kenneth38@example.com
684,"Johnson, Davis and Riley","98113 Brian Glen
Patelchester, MP 65237",819,ygilbert@example.com
685,"Watson, Meyer and Collins","USNV Johnson
FPO AE 19298",937,ismith@example.net
686,Blevins-Porter,"8217 Debra Meadows
North Laurenside, NE 39008",625,cassidywright@example.com
687,"Morris, Grant and Hernandez","8024 Shaun Manors Suite 026
Henrybury, RI 27208",494,michael75@example.org
688,"Bates, Stewart and Tucker","23913 Angela Lake
East Jenniferfurt, ID 92271",506,jamesgonzalez@example.net
689,"Dickerson, Hardin and Rush","8630 William Dale Apt. 335
Port Jessicaburgh, VI 54276",167,charles38@example.com
690,"Hanson, Brooks and Brewer","9064 Cristian Plaza
Port Dennis, KS 41434",680,theresalang@example.com
691,Cole Group,"3905 Miller Park
West Tamara, FL 49471",383,david74@example.net
692,"Brown, Williams and Kelly","593 Brown Manor
North Robert, TX 64747",569,duffydestiny@example.net
693,"Frazier, Brown and Holland","312 Patrick Inlet
Kaneport, NE 43918",905,thomasmckinney@example.com
694,"Stevens, Hill and Hoover","5763 Jones Key Apt. 393
Donaldfurt, NH 21346",590,cathy33@example.org
695,Mcgee Ltd,"22847 Rogers Prairie
South Jessicastad, CO 19639",314,courtneyparker@example.com
696,Barnes-Arnold,"Unit 7970 Box 0045
DPO AA 32690",994,lori91@example.net
697,Foley Inc,"59768 Zuniga Ramp Suite 797
North Jonathanside, KS 83613",785,michaelwilliams@example.org
698,Hill and Sons,"USNS Olsen
FPO AP 24202",30,charlesclark@example.com
699,Schroeder-Welch,"647 Jacqueline Plains Suite 786
Lopezview, CO 26399",19,turnerryan@example.com
700,Jefferson-Marks,"4413 Amy Fork
Munozberg, PR 39436",149,veronica38@example.net
701,Decker-Page,"865 Burns Village Apt. 653
East Roberttown, AK 12518",981,tbarnes@example.net
702,Johnson-Baker,"0303 Elizabeth Skyway Apt. 440
East Briannahaven, SD 14320",518,amandabarrera@example.org
703,Harris and Sons,"419 Joshua Ports
Lechester, CT 36059",22,scortez@example.net
704,Smith Ltd,"4276 David River Apt. 332
Annatown, SD 79534",533,zwest@example.com
705,Mcfarland LLC,"17449 Johnson Greens
Lake Lori, CO 68680",541,victordixon@example.org
706,Murphy Ltd,"995 Johnson Points
Jonesland, NJ 64468",97,priceelizabeth@example.org
707,"Hamilton, Scott and Smith","24607 Morgan Points
Knightfort, WY 47348",634,rmontgomery@example.net
708,"Estes, Pugh and Smith","97619 Wood Tunnel Suite 845
Vazquezville, NH 64406",307,adkinssteven@example.net
709,Chambers-Wilson,"401 Owens Loaf Apt. 106
Anthonyfort, WI 60460",513,marshallbrett@example.net
710,Bailey-Lane,"USCGC Davis
FPO AE 85949",365,rbyrd@example.com
711,"Lewis, Compton and Miller","568 Daniel Fall
Robertshire, CA 32082",97,clong@example.com
712,"Lynch, Rodriguez and Rhodes","1745 Cassandra Burg Suite 215
South Scottmouth, MN 99616",572,tamaracoleman@example.org
713,Roy-Harris,"6942 Jeremy Heights
Aliciafurt, AK 29101",910,stacyrichardson@example.com
714,Williams-Spence,"871 Samantha Haven Suite 470
West Courtney, ME 45524",137,tom14@example.com
715,"Thompson, Cantrell and Singleton","473 Daniel Rapid
Millermouth, VI 39860",871,ygreene@example.com
716,Griffin Group,"4322 Anderson Harbors
Crossstad, UT 71345",403,hruiz@example.net
717,"Jackson, Lewis and Lee","3690 Kenneth Cape Suite 753
Johnsonton, NJ 63224",33,marissasanchez@example.com
718,Garza-Austin,"268 Young Trafficway
Darrylmouth, AL 20237",936,harrisonkim@example.com
719,Wallace-Taylor,"39544 Ruiz Village
Franklinburgh, ME 49728",27,aaron27@example.org
720,"Murray, Vargas and Johnson","29890 Jessica Row Suite 510
Wilsonmouth, MN 63628",695,isaac31@example.com
721,Freeman-Hernandez,"4832 Perez Field
New Jamieburgh, WY 56095",400,bhiggins@example.org
722,Novak-Mccann,"772 Mckenzie Gardens
West Michele, SC 19009",275,lewiswilliam@example.org
723,Copeland-Barnes,"046 Thomas Brook
New Laura, IN 75371",598,bishopdonald@example.org
724,Murphy LLC,"1901 Brown Corners Suite 842
New Louisland, CA 92345",674,campbelljennifer@example.net
725,"York, Brooks and Yoder","6238 Zamora Ports Suite 282
Port Danielleville, WY 21963",511,cathylopez@example.org
726,Harris-Robinson,"95112 Tiffany Rapids Apt. 216
Adkinsshire, MA 34541",59,fhenry@example.com
727,"West, Knight and Yoder","039 Thompson Drives
New Christopher, FM 14869",292,odomcheyenne@example.net
728,"Shea, Wong and Brown","75183 Jean Street Apt. 232
New Alyssaland, CT 85917",261,icamacho@example.com
729,Stewart-Kerr,"37746 Logan Trace
South Paulaton, CA 98384",713,jonathanadams@example.com
730,Bartlett Inc,"8258 Patricia Brooks
Salinashaven, CA 46053",917,katie19@example.com
731,Rosales-Guerra,"91133 Amanda Spur
Hunterland, KS 94290",809,fieldsjeffrey@example.com
732,"Day, Stout and Cruz","97142 Baker Inlet
Danielchester, AS 22001",708,moodythomas@example.net
733,Wright-Gutierrez,"593 Hernandez Pass
West Josephport, ME 38061",42,tracey65@example.com
734,Rivera-Walton,"16823 Myers Forges
East Tiffany, NJ 46450",391,iyoung@example.com
735,Young-Leonard,"0919 Angela Canyon Suite 581
New Carolton, HI 51894",311,alexandra93@example.org
736,"Harrell, Ferguson and Morgan","1248 Rivera Ville
Elizabethhaven, NH 89450",104,jodigriffin@example.net
737,Perry Inc,"501 Daniel Islands Apt. 696
Lake Michael, MA 92711",64,umcclain@example.com
738,"Santos, Gallagher and Rice","PSC 4573, Box 3433
APO AP 86714",969,craig76@example.net
739,Brown Inc,"1928 Woodard Roads Apt. 434
South Melindaview, OR 56001",609,gedwards@example.com
740,Anderson LLC,"43042 Watson Mission Apt. 182
West Joseph, PR 22930",210,gfoster@example.net
741,Sanchez-Ford,"40638 Kimberly Crest Suite 655
Victoriaberg, MT 19429",275,danielle77@example.net
742,Cordova-Johnson,"07436 Parrish Tunnel Suite 851
Lake Derrickbury, IN 13944",633,cameronhopkins@example.com
743,"Thompson, Brown and Wallace","92441 Young Creek Suite 749
South Kevin, CA 12531",100,washingtonjennifer@example.com
744,"Sparks, Joseph and Barnes","3515 Brown Trail
Michelleburgh, MA 95178",291,crystalmason@example.org
745,Harris-Hernandez,"29551 Stevenson Court
Geraldhaven, NH 95950",868,faith96@example.com
746,"White, White and Pollard","Unit 3772 Box 8908
DPO AE 29773",362,yhardin@example.com
747,Harris-Harris,"29638 Jason Overpass
Hallton, DC 82925",800,wilsondaniel@example.net
748,King and Sons,"6198 Chris Lights
South Frederick, PA 26474",214,smithjustin@example.org
749,"Martinez, Kramer and Bautista","597 Tina Island Apt. 964
Joneshaven, AS 28076",386,roblesangela@example.net
750,"Davis, Perez and Perez","22856 Maria Parkways Apt. 741
Lake Stephanieberg, NY 99766",760,lisa91@example.com
751,"Ballard, Henderson and Jackson","9124 Brandy Alley Suite 371
Nguyenside, CT 79293",586,mooreryan@example.net
752,"Fisher, Miller and Fowler","PSC 8736, Box 4374
APO AP 24575",305,woodsadrienne@example.org
753,Maddox Group,"157 Melissa Fork
Alanhaven, ME 49292",973,jonesmatthew@example.com
754,"Walsh, Ramos and Simpson","978 Daniel Throughway
North Michelle, MO 49554",207,hhawkins@example.com
755,Garcia and Sons,"963 Price Underpass Suite 737
Sherrifort, VA 52775",203,justin19@example.org
756,"Johnson, Cooper and Reynolds","Unit 0113 Box 0862
DPO AA 42792",414,oparrish@example.org
757,Lopez Inc,"8256 Oliver Mountain
Brittneyhaven, DC 26429",935,matthewsimmons@example.org
758,Garza-Lloyd,"69426 Taylor Dam
Carolmouth, NJ 28304",575,amber99@example.com
759,"Rowe, Miller and Romero","Unit 0235 Box 6056
DPO AE 75176",332,mark08@example.net
760,Doyle-Patterson,"174 Jason Corners Suite 181
New Anthonyton, NJ 57855",226,dianafarmer@example.org
761,Kelly-Lee,"242 Deborah Stream
North Karaville, NE 78711",552,pjackson@example.org
762,Hernandez PLC,"035 Ashley Stream
Lake Meganview, KS 82960",863,alexanderstacy@example.org
763,Lynch-Williams,"812 Allen Grove
Robinsonmouth, PA 71886",782,atkinstonya@example.com
764,Chambers-Wilson,"4076 Emily Landing Suite 563
Tiffanytown, NY 49306",915,woodswilliam@example.net
765,Spears-Stewart,"52456 Tim Courts
Lake Danielville, PR 74192",926,mitchellallison@example.org
766,Parker Group,"874 Briana Highway Suite 376
Joannetown, CT 42663",553,hilllauren@example.net
767,"Johnson, Gardner and Adams","3108 Leslie Walk Suite 625
North Charlene, WA 79032",235,christina31@example.org
768,"Hammond, Wong and Marshall","52960 Mary Bypass Apt. 428
West Robert, NV 08434",967,thomaswebb@example.com
769,Roberts Group,"408 Fry Park
Tuckerville, VI 77699",499,cody95@example.net
770,Fisher Inc,"919 Brian Port
North Brandonberg, KY 02453",593,jason78@example.net
771,"Morgan, Nelson and Le","874 Espinoza Greens
Campbellchester, IN 65460",347,tyler60@example.net
772,"Watkins, Garcia and Nguyen","0038 John Square
Robinfort, PA 63189",563,teresavaughn@example.net
773,Spencer-Simmons,"29980 Mathews Trafficway Apt. 252
Karlastad, TX 43340",592,kathleen28@example.org
774,Thompson-Flores,"015 Amber Camp
Miguelstad, MI 46999",985,javierlamb@example.com
775,"Young, Vega and Logan","606 Carter Lake
New Seth, MI 72969",152,michaelburke@example.org
776,Wagner-Jones,"377 Dennis Fall Apt. 059
South Zacharyshire, OR 82105",951,andersonbeth@example.com
777,Anderson and Sons,"16714 Andrew Crest Suite 378
Marksfort, AK 09309",17,campbelljerry@example.org
778,Butler and Sons,"71308 Patricia Mills
Starkport, RI 32503",352,edward40@example.org
779,Strong PLC,"25234 Julie Falls Suite 833
Shaneburgh, AL 23520",197,tammy25@example.org
780,Mills Group,"70695 Cathy Center
Lake Patricia, CA 50833",178,christopher05@example.net
781,Chavez-Riley,"79688 Ronald Skyway
Port Brian, IL 34751",953,martinezchristopher@example.net
782,Gibbs Group,"11158 Manuel Ways
Tylerview, AZ 61798",188,erodriguez@example.org
783,"Franklin, Brown and Brown","51706 Townsend Mall
Johnsonside, ID 60295",806,parrishkayla@example.org
784,Woods-Price,"58236 Peterson Streets
Smithberg, AS 46178",364,wgray@example.com
785,Ramirez Ltd,"028 Brittany Fork
Benjamintown, CA 01946",786,brandon41@example.net
786,Jackson-Hernandez,"85513 Oconnor Prairie
Lake Karen, AZ 89217",187,sarafernandez@example.net
787,Gonzalez-Estrada,"46301 Mallory Motorway Apt. 879
Andersonside, DE 33439",507,ycrawford@example.net
788,Robbins PLC,"Unit 1216 Box 4855
DPO AE 48071",89,torresheather@example.org
789,Oneill Group,"12609 Blanchard Place
Aguirremouth, OR 61223",757,douglasmiller@example.net
790,Parks-Lane,"02214 Andrea Spurs
South Tiffanychester, ME 61173",132,susan25@example.org
791,"Smith, Gilbert and Abbott","396 Pham Garden Apt. 159
New Jonathan, ME 25188",880,raymond21@example.org
792,Dennis-Ortiz,"5199 Harrington Keys Apt. 814
Port Casey, AS 78700",376,jwilliams@example.com
793,Lewis and Sons,"06983 Vasquez Stravenue Apt. 038
South Wendystad, HI 06815",168,hammondlisa@example.com
794,"Thomas, Krause and Carroll","71017 Wiggins Key
Brewerport, DC 10639",778,james70@example.com
795,Gonzalez and Sons,"USNV Mcdaniel
FPO AP 35971",50,wnguyen@example.org
796,Harris-Schneider,"19793 Timothy Lodge Apt. 384
East Aaron, WY 88962",593,charlesstevens@example.com
797,Bonilla and Sons,"89827 Michael Mills
Cynthiastad, WV 54067",655,martinezmelissa@example.com
798,"Ruiz, Anderson and Smith","192 Zimmerman Underpass
Hillport, AS 62421",382,amandareese@example.com
799,"Rodriguez, Jones and Roberts","3393 Cannon Plain
Davidland, ND 21039",350,craigdyer@example.net
800,"Morrison, Hughes and Allen","0265 Campbell Valley Apt. 554
West Robertberg, WI 79656",487,kimsimmons@example.com
801,Newman Ltd,"54819 Turner Spur Suite 607
South Ashleyland, MD 82428",33,lflores@example.net
802,"Banks, Duncan and Coleman","26088 Evan Crest
West Paul, ME 41501",685,jay91@example.net
803,"White, Deleon and Taylor","3845 James Motorway
Lake Kenneth, OH 67378",314,jeffersonmichelle@example.com
804,Jones and Sons,"13603 Reed Cliff
Starkhaven, MT 31003",54,wpoole@example.org
805,Davis-Stuart,"1654 Ramirez Terrace Suite 174
Lake Daniel, UT 51178",112,michelleescobar@example.org
806,Roberts-Wright,"052 Mason Islands Apt. 946
Joshuaview, VI 45209",508,karagreene@example.net
807,Johns Group,"902 Susan Extension Suite 329
Ramseyside, VA 33690",597,xadams@example.org
808,"Oneal, Johnston and Love","1516 David View
Port Chris, CT 23072",71,sanchezsherry@example.net
809,Huffman Ltd,"Unit 8579 Box 8225
DPO AE 51150",747,garzamatthew@example.com
810,"Navarro, Delacruz and Price","9814 Lopez Inlet
West Andresland, MS 28262",734,evanjones@example.com
811,Schwartz-Chung,"75131 Nelson Greens
Jenniferside, AS 99031",782,christian76@example.org
812,"Larsen, Spencer and Bishop","957 Webb Landing
North Christine, AZ 67384",463,ybradley@example.net
813,Garcia and Sons,"095 Nicole Terrace
Port Valerieland, MS 61302",756,jacqueline11@example.org
814,"Richard, Watson and House","2400 Herring Light
Jacobsonshire, NJ 16908",293,norrisderek@example.net
815,"Jones, Murphy and Reyes","377 Gonzalez Manor
Laurenmouth, ID 64102",765,catherinedavis@example.com
816,Black Group,"826 Nunez Orchard
Jenkinsfurt, ND 47644",468,gloriatownsend@example.net
817,"Lewis, Smith and Phillips","579 Sandra Branch Suite 513
Derekville, KY 26202",217,rhondakline@example.com
818,Wilson Group,"355 Joseph Route
Gilbertborough, MA 68726",488,adamscynthia@example.com
819,"Reyes, Green and Kennedy","82400 Nicole Spur Apt. 302
Stephanieburgh, WA 06224",426,sara64@example.net
820,Stone-Hill,"96156 Rogers Stream Apt. 843
East Elizabethton, SD 83202",901,tdawson@example.net
821,Harris Group,"496 Cody Trace
West Ann, NH 19772",301,ryang@example.com
822,"Moore, Powell and Ware","6057 Osborne Orchard Apt. 609
New Alanville, LA 07504",568,noblesusan@example.net
823,Oneill-Hall,"0090 Matthew River Apt. 068
South Patriciatown, KS 49615",482,lwashington@example.net
824,"Mcintyre, Hall and Johnson","8494 Phillips Points
Port Matthew, OH 84237",421,monicarichardson@example.org
825,Wade and Sons,"2625 Stephen Shoal Suite 670
Port Williambury, WV 13306",346,ylittle@example.org
826,"Hartman, Cook and Ross","8284 Kelley Mills
Petersburgh, MO 08930",883,meyermeredith@example.org
827,"Becker, Clark and Scott","69244 West Valley
East Dawn, OR 67641",138,lthomas@example.net
828,"Smith, Wagner and Wilson","Unit 6444 Box 2941
DPO AA 41041",213,hmccoy@example.org
829,Lewis-Sullivan,"69163 Laura Loop
Lake Michelleview, KY 43712",287,veronicavelazquez@example.com
830,"Martinez, Davis and Villegas","612 William Roads Apt. 139
Laceychester, TN 75422",135,tracy74@example.com
831,White-Morris,"45935 Richard Court Apt. 369
Angelaville, PR 08170",913,huangandrew@example.net
832,"Myers, Thomas and Morris","3833 Dominic Square
Lake James, FM 63450",729,vrodriguez@example.com
833,Patterson-Tapia,"9979 Tammy Estate
Dylanmouth, WI 99401",846,hernandezerika@example.org
834,Graham-Garza,"USS Mendoza
FPO AA 92172",628,tammy77@example.net
835,Cruz-Smith,"227 Robinson Crossroad
Lake Benjaminstad, MO 57988",324,patrickacosta@example.org
836,"Tucker, Hoover and Brown","998 Aguilar Square
Michelestad, NV 46181",520,ballison@example.org
837,Bell-Burke,"835 Robert Haven Apt. 238
Port Christianstad, KS 56186",461,allenann@example.org
838,Dixon-Barrett,"94439 Tony Springs Suite 780
North Danielbury, WY 13612",574,ambercrosby@example.net
839,Castillo-Perez,"Unit 3826 Box 4591
DPO AE 13074",373,butlerlori@example.net
840,"Wade, Johnson and Baxter","93409 Porter Mission
East Douglas, NY 01281",313,brendarichardson@example.com
841,"Smith, Moreno and Castaneda","47938 Gutierrez Rest Apt. 581
Danielshire, GA 55814",535,gonzalespatty@example.com
842,"Wade, Harris and Woodward","696 Jesus Parkway Suite 288
Williamstown, KS 92261",969,smithterrence@example.com
843,Nichols LLC,"83453 Edward Rest
Webbchester, DC 66084",870,suarezgabriel@example.com
844,Weaver LLC,"2714 Kevin Port Suite 352
Christopherburgh, AZ 60804",449,gonzalezjason@example.org
845,Reynolds PLC,"00517 Martin Wells
New Brendaside, NM 88768",704,amywilliams@example.com
846,Bradford Ltd,"54787 Myers Summit Apt. 633
Port Erica, OR 58456",750,lpatel@example.org
847,Anderson Inc,"175 Stephenson Forge Suite 882
Foxstad, UT 20241",241,connor82@example.com
848,Clark PLC,"870 Mccann Coves Suite 140
New Steven, MI 24264",174,jacobsjorge@example.org
849,Carpenter PLC,"63878 Emily Road
Port Susan, MN 32362",468,matthew20@example.net
850,Lee Group,"33747 Wright Throughway Suite 619
Juliebury, NY 54444",143,austin75@example.net
851,Small-Williams,"USCGC Torres
FPO AP 30537",843,kbarker@example.net
852,Adams-Tate,"188 Valdez Pine
Sheilamouth, ID 01580",170,jacksonmichael@example.com
853,Kline PLC,"81139 Kelly Crest Suite 433
Brookeview, CA 09377",647,stewartchris@example.com
854,Stevens-Hammond,"28685 Bauer Village
Staceystad, IA 21415",771,tonysmith@example.com
855,Sims and Sons,"4097 Johnson Drive Apt. 222
Lake Tomburgh, NH 40736",429,alancruz@example.org
856,Peck-Walker,"97793 Michelle Wells
South Patrickchester, FL 60813",642,cervantesjoshua@example.com
857,Morales-Foster,"04545 Watson Meadows Apt. 960
Lake Loganport, VA 31949",633,michaelherman@example.com
858,Peterson and Sons,"805 Jacqueline Cape
Port Edward, NJ 17234",683,gutierrezcynthia@example.com
859,Smith-Jones,"881 Crawford Camp Apt. 788
Scottfort, VT 53036",256,wolfthomas@example.net
860,Harrington and Sons,"PSC 6306, Box 5281
APO AE 80025",202,rblair@example.com
861,"Caldwell, Green and Wolfe","5290 Shaffer Branch Suite 777
Hernandezbury, HI 05110",842,schmidtjeffrey@example.com
862,Decker-Brown,"9032 Christopher Villages
Joannemouth, MT 88209",781,allison06@example.com
863,Lee LLC,"USNV Dean
FPO AP 54699",320,jessica11@example.org
864,Hammond and Sons,"078 Katherine Glens
South Christinebury, MH 23760",457,samantha44@example.com
865,"Delgado, Griffin and Daniels","351 Stacey Junctions
Lake Melissa, OR 70618",799,qhoward@example.org
866,Simmons-Gomez,"25085 Schultz Freeway Suite 657
Haleton, ID 73432",280,wthompson@example.net
867,"Armstrong, Campbell and Estes","913 Justin Burg Suite 777
Bobbychester, MT 93832",241,villarrealdavid@example.org
868,"Lucas, Marquez and Mclaughlin","USNS Buck
FPO AP 58313",478,gloriamclaughlin@example.net
869,Brooks-Parker,"010 Hampton Forges Suite 835
Lake Eric, VI 33295",354,anthony41@example.com
870,Ewing Inc,"PSC 4346, Box 6191
APO AE 80176",972,stevendixon@example.net
871,"Levy, Butler and Lucas","USNS Andrews
FPO AA 78105",283,raycandice@example.net
872,Rush-Hood,"71324 Jessica Lake
Johnsonside, RI 56272",584,romerocraig@example.org
873,Rosales-Young,"89024 Sims Motorway Apt. 447
West Robert, MS 33738",988,perryaustin@example.com
874,Soto Ltd,"72500 Charles Pine
Port Lisa, AK 10342",934,walkerstephanie@example.net
875,Thomas and Sons,"09593 William Mountain
Whitneybury, HI 71889",330,sherrybrown@example.com
876,Anderson-Flores,"301 Jodi Burg Apt. 432
Paulhaven, SD 48397",800,savannah45@example.net
877,Wood LLC,"Unit 0112 Box 5621
DPO AA 41444",618,evanslance@example.net
878,Williams Group,"68552 Yu Springs Apt. 355
Averybury, TX 63476",295,hvasquez@example.net
879,"Hall, Dawson and Pierce","471 Ashley Cove Apt. 206
Elliottberg, AZ 92678",277,loriwalker@example.com
880,Mcguire-Ryan,"912 Stephen Islands Apt. 858
Davismouth, LA 99537",391,amandavaughn@example.com
881,"Baker, Palmer and Bailey","304 Isaac Ridge Suite 184
South Katherinehaven, MT 47764",682,gzuniga@example.com
882,Ewing and Sons,"1088 Reese Plains
Laurenfurt, MD 23437",901,theresadavis@example.com
883,Rodriguez and Sons,"61438 Burgess Land
New Anneport, PA 29133",45,marcparker@example.net
884,Jones and Sons,"4628 Kelley Camp Apt. 914
New Georgeview, MO 64718",232,zschneider@example.org
885,Garcia-Holden,"14608 Brian Pine
New Christine, MO 98150",219,josemitchell@example.org
886,"Avery, Mcdonald and Snyder","4870 Boyle Station
New Briantown, TX 51526",510,tannerlee@example.net
887,Ponce PLC,"4774 Roman Radial Suite 470
South Lauren, TX 06981",876,darrenlopez@example.net
888,Franklin LLC,"1700 Phillips Skyway
New Brianbury, NY 88770",588,ibennett@example.net
889,Shepard Inc,"619 Mitchell Road Suite 673
Tammieshire, TN 91826",750,sanderstheresa@example.net
890,Torres-Vasquez,"10691 Miller Grove Suite 614
Port Greg, PW 34988",145,theresa64@example.com
891,"Hayes, Harris and Smith","994 Thomas Shoal Apt. 984
Smithland, MD 04990",676,brittany22@example.org
892,Taylor-Smith,"432 Andrea Glen Suite 477
South Andrewchester, UT 50807",652,alyssa95@example.com
893,Cook and Sons,"8584 Mahoney Circles
West Juliestad, CO 98912",47,samantha88@example.org
894,Wilson Ltd,"19726 Sonya Forge
Ericberg, MN 89113",861,kowens@example.com
895,Cole-Thompson,"93092 Davis Viaduct
Codymouth, KY 06957",875,codybell@example.org
896,Nelson Ltd,"5863 Hanna Mission
Sharptown, TX 34175",921,qrussell@example.com
897,Gilmore-Coleman,"258 Parker Canyon Suite 929
New Garyborough, FM 77836",154,mmartin@example.net
898,Clark Group,"4444 Robert Landing
North Jameston, KY 96503",514,caleb68@example.org
899,Miller-May,"61210 Kelly Mountain
North Brianchester, KY 91583",679,nfuentes@example.com
900,Vance and Sons,"139 Watson Falls
Combsborough, ID 19967",137,cknight@example.com
901,Evans Ltd,"782 Vickie Rapid
Lake Victortown, AR 69214",772,jenniferoliver@example.com
902,Russell-Smith,"7987 Perez Drive Apt. 100
New Jonathanshire, MS 03022",695,hilllinda@example.net
903,Williams-Andrews,"4774 Stephanie Extensions
West Scott, TX 41816",821,thomas55@example.com
904,Jenkins-Ward,"944 Hall Cliffs
East Sharon, NV 88066",795,williamsanders@example.com
905,Braun PLC,"USNS Grant
FPO AE 65422",882,melissa28@example.net
906,Davis-Horton,"82404 Roach Forks Suite 218
Port Maryside, ND 04287",60,eburns@example.com
907,Roth Group,"392 Terri Drive
Michaelburgh, NM 12557",267,williamstracy@example.net
908,Johnson-Russell,"267 Miller Dale Apt. 566
East Emily, IA 63986",163,christyriggs@example.net
909,Wall-Harmon,"1790 Allison Valleys Suite 750
East Marcusmouth, GU 40529",198,itanner@example.org
910,"Williams, Ward and Roberts","709 Mark Overpass
North Jennifer, WV 95623",282,barrettdiana@example.org
911,"Barker, Thomas and Olson","53645 Klein Run
North Andrewchester, WY 07959",720,petercooper@example.com
912,"Brown, Tran and Marquez","34769 Daniels Course
South Charlesborough, KS 67733",141,jill85@example.org
913,Levine PLC,"PSC 3749, Box 3721
APO AA 34833",260,jeffrey67@example.org
914,"Williams, Velasquez and Ramirez","55824 Zachary Isle Suite 433
West Amyfurt, OR 81336",686,erik74@example.org
915,Martin-Howell,"Unit 6902 Box 5280
DPO AE 20548",363,cannondarlene@example.com
916,Murphy Ltd,"358 Monique Light
Rebeccaside, KS 89921",63,elizabeth03@example.org
917,Anderson-Mccoy,"80519 Jessica Stream
Port Patriciaside, CA 27554",644,patrickpratt@example.com
918,"Phillips, Ellis and Riggs","13955 Caldwell Common
East Victor, LA 46915",267,griffithcheryl@example.net
919,"White, Cherry and Watts","265 Payne Squares Suite 223
South Jaredberg, ID 25552",366,sdiaz@example.net
920,Myers LLC,"611 Jessica Mountain Suite 078
Estradaview, MA 26228",667,harrythompson@example.org
921,Taylor-Gonzalez,"69682 Mark Way Apt. 504
Kennethshire, AS 20416",141,mark13@example.net
922,Anderson Ltd,"737 Melinda Parks
West Johnmouth, MI 34140",605,rebeccaweber@example.com
923,Carter Group,"26461 Moore Trail
East Timothymouth, OK 94040",923,gstewart@example.net
924,"Robles, Ward and White","91425 Katherine Keys Apt. 849
Travismouth, VI 47165",142,wagnerroberto@example.org
925,"Horton, Tran and Aguilar","301 Timothy Drive Suite 973
Howardstad, HI 23310",164,zfrederick@example.com
926,Lara-Castro,"274 Hall Loop Suite 935
North Alexander, KY 47252",753,johnsonkatherine@example.com
927,Brown-Cooper,"900 Miguel Squares
North Keith, AR 25958",97,phillipshenry@example.net
928,Castillo-Ross,"959 Charles Field Suite 902
Johnsonton, TX 82617",85,contrerasamy@example.org
929,Gonzalez-Moreno,"23747 Angela Causeway
West Derrickchester, MH 14752",755,jonathan11@example.org
930,Jensen-Krause,"1326 Michelle Flat
South April, FM 12762",412,esexton@example.com
931,Ramirez-Bell,"4539 Galvan Mission Apt. 238
South Thomasfurt, NV 70413",40,matthew31@example.org
932,Douglas-Anderson,"90767 Velasquez Well
Haileyport, GU 59783",995,aprilmurphy@example.com
933,Young Ltd,"000 Porter Cape Apt. 958
West Josephbury, AS 18570",570,rickrobinson@example.com
934,Contreras Ltd,"139 Eric Pass
Wilsonhaven, CA 87003",370,jillianlong@example.net
935,"Stewart, Summers and Gray","51957 Rasmussen Knoll
East Hector, VI 42334",157,parkerrobert@example.net
936,Williams Group,"112 Serrano Village Suite 670
East Sheilamouth, OR 69445",168,allison30@example.net
937,"Reid, Williams and Patterson","48641 Boyd Gateway Apt. 225
South Tammyside, OR 08719",476,maurice85@example.net
938,Keller PLC,"13486 Carr Parks
Harrisborough, UT 48409",410,holtalicia@example.com
939,Turner-Pena,"239 Gary Lodge
North Jenniferfurt, NM 54034",27,dillontim@example.com
940,David Group,"97643 Nancy Creek
Odonnellhaven, UT 54269",464,ospencer@example.org
941,"Allen, Gates and Best","981 Alfred Camp Suite 416
South Stephanie, DE 07538",409,pramirez@example.com
942,Dominguez-Marsh,"812 Christine Estates
South Jorgefurt, MD 91793",145,wilsonjohn@example.org
943,Stewart-Hicks,"774 Traci Ramp Suite 246
Meghanfurt, CT 61321",62,tkoch@example.net
944,Brown-Horn,"166 Derek Springs
Schaeferton, NM 22192",763,karen24@example.com
945,"Jones, Love and Thomas","97086 Brent Forest
Burnsmouth, OR 94895",561,rojasbrenda@example.com
946,Robinson Inc,"USCGC Vasquez
FPO AA 14743",757,stephanie57@example.com
947,Bruce PLC,"14501 Hughes Port Suite 486
Davidburgh, MI 39874",291,nathan25@example.org
948,"Collier, Long and Bond","USNV Gross
FPO AP 21648",213,taylor57@example.net
949,Blackwell-Salinas,"Unit 1163 Box 0476
DPO AA 30130",744,hflores@example.org
950,"Orozco, Schultz and Allen","6319 Brenda Loaf
Foleyberg, RI 17526",466,xcruz@example.com
951,Bolton-Bradley,"3544 Wilson Skyway Apt. 156
Alexanderborough, TN 37358",682,carlsonjessica@example.org
952,Friedman-Becker,"177 Emily Club
Baxterfurt, WA 61434",764,silvajacqueline@example.net
953,"Hopkins, Alexander and Griffith","6499 Dyer Wells
Jenniferport, KY 60274",651,yalexander@example.org
954,Simpson LLC,"78513 Charles Brooks Suite 186
East Ashley, MN 51547",949,rubenpalmer@example.net
955,Holt and Sons,"53077 Yu Port
Kennethburgh, UT 13068",370,freemanandrew@example.net
956,"Cobb, Bell and Burnett","294 Saunders Corners
Port Ana, VA 03843",664,andrewmora@example.org
957,Sawyer-Roth,"3024 Julia Keys Suite 693
Amyview, NJ 63307",262,virginia95@example.com
958,Smith-Silva,"78508 Wood Forges
Williamshaven, NV 80431",372,lhernandez@example.org
959,Fisher Group,"6065 Ruiz Key
Jacquelinemouth, CA 13446",472,lauragreen@example.net
960,"Fletcher, Oliver and Rosario","Unit 1990 Box 1436
DPO AA 97343",320,rebeccajensen@example.com
961,Stephenson-Anderson,"6413 Davis Coves Apt. 567
East Kevintown, FM 12744",158,jon65@example.org
962,Webb-Riley,"92415 Martin Burg Apt. 421
West David, SC 74963",842,stevenfreeman@example.org
963,Clark-Taylor,"3123 Golden Squares Apt. 916
North Jacksonberg, ND 56104",98,gedwards@example.net
964,Williams PLC,"7969 Rosario Ville Apt. 898
Taylorborough, GA 84308",784,jameswallace@example.net
965,West-Steele,"09421 Sherry Mill Suite 338
Patriciatown, IA 18169",247,tonya11@example.net
966,"Huffman, Simpson and Oconnell","06711 Klein Lock
Williamsonfurt, MO 32255",538,parkerdaniel@example.com
967,Rose PLC,"30608 Harris Junctions
New Matthew, NJ 46261",252,william12@example.org
968,"Berry, Leonard and Morrison","791 Tonya Island Apt. 380
East Manuel, NC 94698",27,brent66@example.com
969,"Archer, Anderson and Benjamin","01435 Short Corner Suite 973
Dianastad, DC 81542",76,lori77@example.net
970,"Wilson, Eaton and Taylor","7065 John Village
Williamsport, AL 81937",791,diazashley@example.org
971,"Singleton, Anderson and Sanders","2628 Fritz Glens Suite 220
Barryside, KY 67740",507,lisa34@example.net
972,Bernard Group,"71984 Perez Forks Suite 937
North Edwinborough, KY 08041",381,melissa16@example.net
973,Walters Ltd,"25299 Bryan Fort
South Kimberly, NY 77749",591,wrightmichelle@example.com
974,Adams-Aguilar,"87243 Joseph Coves
Robertbury, PW 40359",181,twilliamson@example.com
975,Olsen-Wagner,"USNV Hess
FPO AA 95804",731,debra93@example.org
976,Gilbert and Sons,"Unit 8101 Box 7713
DPO AA 55787",980,robin35@example.org
977,Green-Roberts,"783 Ashley Garden Suite 022
Murphymouth, CO 26563",579,ubennett@example.net
978,Doyle LLC,"9954 Barrett Center Apt. 166
Davidside, CA 11121",115,laurabrown@example.net
979,Rogers Ltd,"963 Harper Gardens Apt. 057
Rodriguezburgh, KY 54716",711,ifoster@example.com
980,Soto Inc,"560 Whitaker Parkways
West Brad, HI 91339",726,savannah29@example.org
981,"Webb, Thomas and Lee","441 Roger Trail
Reginaldport, MA 07378",990,rochajacqueline@example.com
982,Parker-Bullock,"05101 Katherine Pass
Stantontown, VT 61985",535,stephanie84@example.net
983,Henderson-Peters,"42380 Julie Street Apt. 392
New Jacquelineshire, NY 38521",472,luiswilliams@example.com
984,Benton-Donovan,"07274 Ford Brooks
South Marymouth, DE 78486",170,cindy81@example.com
985,Bryant Ltd,"PSC 4429, Box 0622
APO AP 69858",280,peckamber@example.com
986,Frank-Daniels,"744 Nelson Pine Apt. 611
Shelleybury, RI 30915",738,carterjuan@example.net
987,Young Inc,"758 Brianna Dam Apt. 395
Thompsonview, NH 55102",450,cody84@example.com
988,Hendrix PLC,"71684 Ryan Pine Apt. 446
Rubioborough, MP 26846",288,odavis@example.com
989,"Atkinson, Robinson and Lee","USNV Romero
FPO AP 31006",150,patrick57@example.org
990,"Boyd, Henderson and Taylor","87001 Meyer Fort Suite 318
Thomasbury, HI 98672",324,fsnyder@example.org
991,Mathews-Johnson,"82902 Soto Course Suite 372
East Charlotte, AR 87907",230,karenfletcher@example.com
992,Parks Group,"Unit 2777 Box 7909
DPO AE 03265",189,zacharyshelton@example.com
993,Sullivan and Sons,"66007 Amber Avenue
Timothyton, GU 46458",26,ericadavis@example.com
994,Contreras Group,"424 William Ports Apt. 214
Johnsonberg, NM 67235",334,smithdarryl@example.net
995,Miller-Mitchell,"8740 Hobbs Corner Suite 855
Grantshire, WY 27654",298,qkirby@example.org
996,Robinson-Campbell,"6661 Gonzales Neck Suite 149
Campbelltown, PA 99006",332,xjohnson@example.org
997,"Bailey, Davis and Oliver","2609 Curtis Shoal Apt. 784
West Tonyaville, NM 70963",502,lindaluna@example.net
998,Eaton-Duran,"529 Woods Gardens
North Maryfort, FM 45707",67,gilbertwesley@example.net
999,Henson-Baker,"7304 Smith Courts Suite 576
North Andrew, NV 47374",63,petersonanthony@example.org
1000,Rivas LLC,"Unit 1670 Box 7904
DPO AE 76114",668,kristopher49@example.net
